Transaction Date,Opening Price,High Price,Low Price,Close Price,Turnover Volume,Turnover Amount
2019/1/2,3.75,3.8,3.73,3.76,7385675,27770014
2019/1/3,3.76,4.14,3.72,3.94,33846475,135627968
2019/1/4,3.84,4,3.8,3.98,27957054,109496376
2019/1/7,3.99,4.07,3.92,4.05,25700917,103257416
2019/1/8,4.04,4.46,3.98,4.27,56678844,242614176
2019/1/9,4.24,4.36,4.16,4.18,39931296,170208784
2019/1/10,4.12,4.21,4.11,4.14,21818792,90564944
2019/1/11,4.13,4.17,4.09,4.13,15243953,62862520
2019/1/14,4.14,4.45,4.12,4.31,46110961,197721472
2019/1/15,4.27,4.36,4.24,4.34,29099424,125331136
2019/1/16,4.32,4.67,4.29,4.48,58411670,260167456
2019/1/17,4.42,4.53,4.35,4.41,31099432,137293632
2019/1/18,4.38,4.41,4.28,4.3,23437705,101591568
2019/1/21,4.29,4.45,4.26,4.34,25137353,109311336
2019/1/22,4.28,4.32,4.13,4.2,23875896,100719904
2019/1/23,4.2,4.43,4.16,4.4,44061643,190933824
2019/1/24,4.36,4.43,4.31,4.33,24202533,105466560
2019/1/25,4.33,4.48,4.22,4.38,38382909,168013888
2019/1/28,4.4,4.41,4.22,4.24,23776706,102231672
2019/1/29,4.19,4.22,3.83,3.97,34469020,138326576
2019/1/30,3.92,4,3.81,3.82,27158408,105590312
2019/1/31,3.44,3.44,3.44,3.44,8003100,27530664
2019/2/1,3.1,3.33,3.1,3.25,53540831,171557360
2019/2/11,3.25,3.34,3.17,3.34,28632387,93901352
2019/2/12,3.34,3.51,3.3,3.46,28260812,97062176
2019/2/13,3.45,3.52,3.42,3.49,24885305,86368192
2019/2/14,3.47,3.54,3.43,3.51,24371830,84920656
2019/2/15,3.52,3.68,3.5,3.54,31729552,113485456
2019/2/18,3.54,3.68,3.54,3.67,30105620,109078424
2019/2/19,3.73,3.88,3.67,3.82,57083120,214745488
2019/2/20,3.8,3.89,3.71,3.78,37437696,141845536
2019/2/21,3.75,3.85,3.69,3.72,42440957,160362752
2019/2/22,3.69,3.79,3.67,3.75,37489749,140353056
2019/2/25,3.94,4.02,3.77,3.98,64998561,253743792
2019/2/26,4.01,4.18,3.9,4.05,68650064,276897728
2019/2/27,4,4.25,3.96,4.22,73886707,304613856
2019/2/28,4.22,4.22,4.02,4.1,50519943,208316000
2019/3/1,4.09,4.12,3.96,4.01,38824502,155957632
2019/3/4,4.03,4.2,4.03,4.14,54378360,225013920
2019/3/5,4.15,4.28,4.12,4.25,56887975,238252816
2019/3/6,4.3,4.54,4.17,4.49,79588024,344807136
2019/3/7,4.45,4.6,4.37,4.52,69571801,313043328
2019/3/8,4.41,4.51,4.09,4.14,63706218,276821824
2019/3/11,4.23,4.5,4.19,4.48,58993752,257581984
2019/3/12,4.51,4.63,4.36,4.54,66821333,301252960
2019/3/13,4.54,4.96,4.42,4.59,80293606,374739168
2019/3/14,4.51,4.59,4.19,4.34,52481525,228766560
2019/3/15,4.33,4.55,4.33,4.45,41134988,182422672
2019/3/18,4.49,4.54,4.35,4.49,38485660,169785280
2019/3/19,4.45,4.48,4.36,4.41,35203990,155188768
2019/3/20,4.41,4.64,4.32,4.5,55246700,246545424
2019/3/21,4.51,4.57,4.44,4.47,44200139,198957600
2019/3/22,4.43,4.45,4.3,4.41,37065573,161895168
2019/3/25,4.31,4.44,4.3,4.33,28396868,124065104
2019/3/26,4.33,4.37,4.1,4.13,29514190,124506512
2019/3/27,4.15,4.17,4.03,4.07,20719519,84741184
2019/3/28,4.07,4.1,3.97,4,18424520,74308776
2019/3/29,4.04,4.13,3.95,4.12,21918386,88918320
2019/4/1,4.21,4.42,4.18,4.42,35675224,153564864
2019/4/2,4.44,4.6,4.37,4.45,45657738,204510176
2019/4/3,4.42,4.66,4.38,4.64,56954464,260364928
2019/4/4,4.65,4.81,4.55,4.61,48368668,224286144
2019/4/8,4.61,4.67,4.4,4.49,38018597,172551760
2019/4/9,4.56,4.72,4.53,4.71,56298636,262169696
2019/4/10,4.79,5.06,4.65,4.77,81821988,396565792
2019/4/11,4.74,5.15,4.66,5.03,80523629,395097408
2019/4/12,4.95,4.97,4.73,4.82,58280710,282354816
2019/4/15,4.83,4.92,4.73,4.73,38211584,184073248
2019/4/16,4.67,4.78,4.52,4.77,37587208,174408896
2019/4/17,4.7,5.18,4.65,4.94,73614182,361983488
2019/4/18,4.91,5.05,4.81,4.84,46854948,230121248
2019/4/19,4.81,5.2,4.71,5.15,82638921,415624576
2019/4/22,5.12,5.54,5.02,5.18,74732840,392947680
2019/4/23,5.22,5.49,5.16,5.32,72678514,387742176
2019/4/24,5.4,5.85,5.21,5.85,78823831,438434784
2019/4/25,5.9,6.44,5.79,6.2,168163430,1056276992
2019/4/26,6,6.2,5.58,5.95,135132419,795304192
2019/4/29,5.75,5.79,5.36,5.36,46927220,254478544
2019/4/30,4.87,5.14,4.82,4.82,76903007,375590944
2019/5/6,4.51,4.69,4.34,4.36,56886615,254268928
2019/5/7,4.39,4.79,4.39,4.76,49441482,223769936
2019/5/8,4.59,4.86,4.45,4.61,41833473,195462016
2019/5/9,4.55,4.65,4.39,4.4,30365408,136642800
2019/5/10,4.49,4.58,4.03,4.57,36274570,161463200
2019/5/13,4.44,4.53,4.11,4.24,50652469,216582160
2019/5/14,4.18,4.28,4.08,4.17,25440834,106559552
2019/5/15,4.26,4.34,4.15,4.29,37253496,158761920
2019/5/16,4.29,4.57,4.29,4.43,41684034,185182032
2019/5/17,4.45,4.46,4.2,4.22,38902720,166891616
2019/5/20,4.19,4.21,4.01,4.16,23583701,96934240
2019/5/21,4.16,4.27,4.1,4.24,16912167,71319896
2019/5/22,4.22,4.26,4.12,4.16,15707241,65683976
2019/5/23,4.12,4.15,4.02,4.04,18114740,73447112
2019/5/24,4.01,4.21,4.01,4.1,13784019,56439956
2019/5/27,4.07,4.23,4.05,4.21,15777482,65704256
2019/5/28,4.17,4.24,4.11,4.15,15075473,62964292
2019/5/29,4.14,4.35,4.11,4.28,30132538,128956560
2019/5/30,4.26,4.27,4.15,4.23,13020871,54641064
2019/5/31,4.19,4.37,4.14,4.23,15732507,67303584
2019/6/3,4.19,4.26,4.11,4.13,12637773,52705784
2019/6/4,4.13,4.2,4.1,4.16,10465683,43349960
2019/6/5,4.2,4.24,4.17,4.18,10144880,42680344
2019/6/6,4.15,4.22,4.1,4.15,9711804,40391496
2019/6/10,4.18,4.23,4.13,4.15,11460071,47823700
2019/6/11,4.12,4.3,4.07,4.29,20422695,85958088
2019/6/12,4.26,4.28,4.16,4.18,16838672,70947552
2019/6/13,4.18,4.25,4.14,4.21,18277965,76738536
2019/6/14,4.19,4.21,4.07,4.09,14406022,59455952
2019/6/17,4.1,4.17,4.06,4.12,6814240,28037796
2019/6/18,4.12,4.12,4.08,4.11,5165820,21146484
2019/6/19,4.17,4.21,4.13,4.14,9847740,40898188
2019/6/20,4.13,4.19,4.09,4.16,12668705,52480848
2019/6/21,4.18,4.24,4.16,4.2,19485856,81747160
2019/6/24,4.19,4.23,4.17,4.2,12133028,50948252
2019/6/25,4.2,4.2,4.07,4.11,15658800,64330588
2019/6/26,4.1,4.18,4.07,4.11,9839140,40630288
2019/6/27,4.1,4.13,4.05,4.07,17191080,70215336
2019/6/28,4.07,4.07,3.84,3.85,28249987,110526448
2019/7/1,3.95,3.98,3.87,3.91,18960904,74186872
2019/7/2,3.95,4.3,3.93,4.3,42833359,181781488
2019/7/3,4.31,4.73,4.25,4.47,106804670,472956480
2019/7/4,4.31,4.43,4.23,4.32,52980592,229140176
2019/7/5,4.27,4.37,4.18,4.35,41744112,178001744
2019/7/8,4.3,4.3,4.03,4.07,34860920,144558800
2019/7/9,4.04,4.48,4.02,4.48,75587511,336673120
2019/7/10,4.55,4.84,4.44,4.62,149339412,694165952
2019/7/11,4.59,4.73,4.51,4.53,76991990,354056320
2019/7/12,4.56,4.69,4.46,4.53,47343357,216339504
2019/7/15,4.52,4.7,4.3,4.64,57281638,257696944
2019/7/16,4.58,4.7,4.51,4.57,49423848,227213104
2019/7/17,4.55,4.55,4.41,4.45,44993924,201110080
2019/7/18,4.4,4.42,4.31,4.39,33107445,144251440
2019/7/19,4.38,4.62,4.37,4.48,49174251,222016736
2019/7/22,4.48,4.93,4.4,4.58,68821865,320808608
2019/7/23,4.52,4.75,4.52,4.67,56500044,262714704
2019/7/24,4.68,4.74,4.59,4.63,54218834,252101296
2019/7/25,4.6,4.7,4.56,4.63,41616897,193526512
2019/7/26,4.58,4.6,4.46,4.5,30540301,137821184
2019/7/29,4.47,4.88,4.47,4.8,71634523,335376448
2019/7/30,4.74,4.78,4.67,4.71,46180884,217657504
2019/7/31,4.7,4.73,4.63,4.65,28004340,130791616
2019/8/1,4.61,4.75,4.58,4.73,31866598,149064672
2019/8/2,4.6,4.66,4.5,4.59,35299046,162348960
2019/8/5,4.57,4.73,4.49,4.63,37296639,172664720
2019/8/6,4.51,4.79,4.48,4.69,54046463,251128288
2019/8/7,4.72,4.75,4.55,4.55,29866995,138114688
2019/8/8,4.53,4.58,4.41,4.5,26659813,119907112
2019/8/9,4.54,4.54,4.11,4.3,39120585,169702816
2019/8/12,4.24,4.28,4.09,4.28,19836918,83337824
2019/8/13,4.23,4.24,4.11,4.13,21308418,88418512
2019/8/14,4.19,4.22,4.13,4.14,15119480,62994832
2019/8/15,4.01,4.13,3.95,4.08,18344413,74396752
2019/8/16,4.08,4.17,4.07,4.12,15160461,62528280
2019/8/19,4.16,4.27,4.13,4.25,19781611,83461416
2019/8/20,4.25,4.34,4.2,4.23,17806980,75922976
2019/8/21,4.25,4.28,4.18,4.28,15300300,64750128
2019/8/22,4.26,4.31,4.23,4.26,11303120,48061304
2019/8/23,4.27,4.34,4.17,4.18,16063605,68196808
2019/8/26,4.07,4.21,4.03,4.15,14650400,60765228
2019/8/27,4.16,4.26,4.15,4.23,15535660,65524816
2019/8/28,4.24,4.31,4.22,4.25,17678032,75256912
2019/8/29,4.3,4.3,4.15,4.16,18083629,75880280
2019/8/30,4.18,4.24,4.08,4.14,18825870,78156368
2019/9/2,4.11,4.23,4.11,4.22,20174767,84592576
2019/9/3,4.22,4.4,4.17,4.38,41481748,178456464
2019/9/4,4.31,4.38,4.28,4.32,24864362,107413680
2019/9/5,4.36,4.42,4.32,4.35,25414623,111057632
2019/9/6,4.36,4.38,4.27,4.3,16867805,72800136
2019/9/9,4.36,4.43,4.29,4.42,31927123,138892400
2019/9/10,4.41,4.51,4.38,4.48,28533559,127067768
2019/9/11,4.5,4.55,4.45,4.45,24951119,112128544
2019/9/12,4.46,4.63,4.42,4.57,31141689,141171488
2019/9/16,4.6,4.78,4.55,4.71,42293450,197855104
2019/9/17,4.69,4.78,4.6,4.65,39071123,183163552
2019/9/18,4.67,4.73,4.56,4.57,24202870,111720760
2019/9/19,4.62,5.03,4.53,5.03,89057729,435859648
2019/9/20,4.93,5.34,4.78,5.07,118375674,590424128
2019/9/23,4.9,5.3,4.88,5.13,79476306,407177184
2019/9/24,5.05,5.21,4.98,5.02,53711132,273183584
2019/9/25,5.04,5.04,4.83,4.83,45151757,221632848
2019/9/26,4.86,5.19,4.56,5.03,71193549,346193440
2019/9/27,4.97,5.03,4.76,4.79,40218436,196872752
2019/9/30,4.81,4.87,4.65,4.68,24637365,116697376
2019/10/8,4.69,4.78,4.61,4.73,19725732,92498736
2019/10/9,4.69,5.2,4.66,5.08,77508034,392981920
2019/10/10,5.07,5.22,5.01,5.16,75190274,386150496
2019/10/11,5.18,5.26,5.03,5.09,49001704,251583056
2019/10/14,5.2,5.21,5.03,5.12,47487579,242088720
2019/10/15,5.06,5.1,4.84,4.87,38420623,189436704
2019/10/16,4.95,5.04,4.8,4.92,33347528,164265088
2019/10/17,4.81,4.97,4.76,4.93,26528219,128790016
2019/10/18,4.93,4.93,4.67,4.7,21401160,102630488
2019/10/21,4.7,4.75,4.46,4.55,20933562,95778648
2019/10/22,4.56,4.63,4.54,4.6,13112343,60095188
2019/10/23,4.6,4.63,4.54,4.58,10412563,47770696
2019/10/24,4.58,4.59,4.47,4.49,11595096,52374948
2019/10/25,4.5,4.58,4.41,4.57,12511856,56283920
2019/10/28,4.54,4.74,4.53,4.66,18008849,84015960
2019/10/29,4.66,4.67,4.55,4.59,10914314,50109340
2019/10/30,4.56,4.58,4.45,4.52,9572488,43264224
2019/10/31,4.62,4.67,4.55,4.57,15765060,72611624
2019/11/1,4.55,4.73,4.49,4.71,19282928,90178336
2019/11/4,4.7,4.9,4.69,4.84,21520078,103935872
2019/11/5,4.87,4.9,4.78,4.84,14124947,68469264
2019/11/6,4.87,4.94,4.72,4.83,18902316,90906784
2019/11/7,4.83,4.85,4.74,4.79,11974999,57434816
2019/11/8,4.85,4.93,4.74,4.81,16169783,78226864
2019/11/11,4.8,4.92,4.67,4.89,25949224,125769176
2019/11/12,4.81,5.01,4.78,5,29709958,145862608
2019/11/13,4.96,5.15,4.81,4.85,31528240,157396560
2019/11/14,4.9,5.1,4.85,5.04,31682544,158644032
2019/11/15,4.98,5.11,4.92,4.99,21230578,106531096
2019/11/18,4.92,5.27,4.91,5.19,45385220,233818832
2019/11/19,5.18,5.25,5.11,5.22,28791917,149755616
2019/11/20,5.24,5.24,5.09,5.13,22480096,115668296
2019/11/21,5.1,5.19,5.05,5.08,20157462,102752272
2019/11/22,5.13,5.26,5.07,5.19,31283780,161624704
2019/11/25,5.23,5.24,4.78,4.93,36307158,181107280
2019/11/26,5.14,5.33,4.76,4.78,83136965,417348768
2019/11/27,4.5,4.5,4.3,4.33,79667729,346815456
2019/11/28,4.28,4.37,4.18,4.29,21227234,91062992
2019/11/29,4.29,4.32,4.22,4.31,13110959,56225564
2019/12/2,4.3,4.33,4.2,4.22,14827816,63017596
2019/12/3,4.18,4.21,4.09,4.19,17294162,71728168
2019/12/4,4.17,4.33,4.15,4.25,17166441,73040360
2019/12/5,4.28,4.28,4.21,4.25,12414625,52731364
2019/12/6,4.26,4.26,4.2,4.24,10150119,42891272
2019/12/9,4.29,4.35,4.25,4.32,18567419,79825304
2019/12/10,4.33,4.33,4.26,4.3,12068186,51787612
2019/12/11,4.3,4.3,4.23,4.24,11914880,50681860
2019/12/12,4.24,4.27,4.2,4.23,10223815,43304284
2019/12/13,4.26,4.27,4.22,4.26,14063619,59706012
2019/12/16,4.27,4.4,4.26,4.38,22228868,96562224
2019/12/17,4.36,4.45,4.35,4.41,20649195,90937056
2019/12/18,4.43,4.53,4.39,4.45,23586500,105422752
2019/12/19,4.43,4.57,4.43,4.52,19815008,89520976
2019/12/20,4.54,4.58,4.45,4.48,15940860,71815824
2019/12/23,4.45,4.46,4.31,4.32,20668882,90341912
2019/12/24,4.37,4.48,4.35,4.47,16097917,71397384
2019/12/25,4.48,4.49,4.37,4.37,30537638,134499712
2019/12/26,4.37,4.42,4.33,4.38,18802808,82191200
2019/12/27,4.44,4.55,4.35,4.37,29633789,131165584
2019/12/30,4.31,4.34,4.15,4.27,29059962,123165800
2019/12/31,4.31,4.32,4.21,4.25,25358100,107675024
2020/1/2,4.28,4.39,4.24,4.37,28848273,124603240
2020/1/3,4.37,4.42,4.34,4.4,24047759,105455728
2020/1/6,4.4,4.66,4.36,4.55,51736824,235421712
2020/1/7,4.56,4.67,4.52,4.64,41190927,189800368
2020/1/8,4.64,4.74,4.59,4.71,49630543,232077760
2020/1/9,4.67,4.75,4.62,4.67,40435004,188676192
2020/1/10,4.67,4.71,4.59,4.66,27482188,127655584
2020/1/13,4.67,4.69,4.59,4.65,24493720,113593104
2020/1/14,4.66,5.1,4.65,4.87,69518591,338096672
2020/1/15,4.87,4.91,4.71,4.87,39047610,187611824
2020/1/16,4.86,4.86,4.69,4.71,31525439,149785616
2020/1/17,4.75,4.78,4.61,4.61,25322133,118405928
2020/1/20,4.58,4.79,4.58,4.71,39290718,184343296
2020/1/21,4.73,4.95,4.71,4.75,62921521,302466592
2020/1/22,4.66,4.94,4.59,4.87,58439018,281133152
2020/1/23,4.81,4.91,4.64,4.72,39584760,188473296
2020/2/3,4.25,4.25,4.25,4.25,2920200,12410850
2020/2/4,3.85,4.14,3.85,4.06,55783726,225501440
2020/2/5,4.1,4.39,4.06,4.32,53131039,226846512
2020/2/6,4.34,4.52,4.27,4.47,54171966,238595952
2020/2/7,4.5,4.58,4.39,4.46,31259462,139812096
2020/2/10,4.44,4.62,4.41,4.57,31780101,144261040
2020/2/11,4.51,4.75,4.5,4.58,46347969,214051312
2020/2/12,4.56,4.72,4.53,4.72,36711306,170825328
2020/2/13,4.7,4.78,4.59,4.63,32918810,153248032
2020/2/14,4.61,4.74,4.53,4.63,35533220,164301200
2020/2/17,4.64,4.77,4.59,4.76,53464398,251868448
2020/2/18,4.77,4.89,4.73,4.84,43316517,208708688
2020/2/19,4.81,5.03,4.76,4.79,56953799,277377472
2020/2/20,4.76,5,4.73,4.93,54999235,267305232
2020/2/21,4.92,5.17,4.88,4.99,77671724,389239072
2020/2/24,4.98,5.29,4.89,5.23,90784336,464971232
2020/2/25,5.07,5.58,4.98,5.5,119112098,627394304
2020/2/26,5.33,5.44,5.07,5.08,95533304,500988576
2020/2/27,5.07,5.15,4.96,5.02,46236025,233556832
2020/2/28,4.8,4.9,4.61,4.63,56534956,268412032
2020/3/2,4.68,4.93,4.67,4.88,36968272,178213648
2020/3/3,5.2,5.37,5.1,5.27,123542032,648178560
2020/3/4,5.21,5.28,5.05,5.18,65306533,336594304
2020/3/5,5.23,5.37,5.17,5.28,68363721,361516480
2020/3/6,5.21,5.54,5.18,5.39,76950034,415278016
2020/3/9,5.26,5.27,4.98,5.01,69342697,354792128
2020/3/10,4.91,5.51,4.84,5.44,99316963,519570944
2020/3/11,5.41,5.66,5.35,5.38,95258529,523420512
2020/3/12,5.38,5.52,5.11,5.21,71105264,376555328
2020/3/13,4.98,5.16,4.85,5.1,64678856,323943712
2020/3/16,5.13,5.15,4.66,4.73,64444835,316079136
2020/3/17,4.8,4.86,4.5,4.69,41145581,192786896
2020/3/18,4.74,4.83,4.54,4.54,44504073,209427424
2020/3/19,4.49,4.65,4.38,4.59,34881882,157568544
2020/3/20,4.64,4.67,4.5,4.59,26349311,120418376
2020/3/23,4.47,4.48,4.22,4.28,27352573,119456168
2020/3/24,4.35,4.45,4.28,4.42,24585608,107727232
2020/3/25,4.55,4.63,4.49,4.55,26832412,122420384
2020/3/26,4.54,4.54,4.42,4.44,18619807,83331808
2020/3/27,4.5,4.52,4.37,4.38,14807555,65855180
2020/3/30,4.35,4.42,4.22,4.36,16635602,71628120
2020/3/31,4.42,4.54,4.37,4.45,22117468,98696912
2020/4/1,4.49,4.6,4.42,4.47,18922890,85374720
2020/4/2,4.42,4.56,4.39,4.56,17658980,79501440
2020/4/3,4.57,4.57,4.41,4.44,16762040,75029792
2020/4/7,4.52,4.56,4.5,4.55,21678819,98320352
2020/4/8,4.51,4.61,4.49,4.58,19528396,88937432
2020/4/9,4.61,4.65,4.57,4.59,16079184,74011024
2020/4/10,4.57,4.59,4.42,4.45,15684149,70416120
2020/4/13,4.44,4.45,4.37,4.41,7399030,32616962
2020/4/14,4.43,4.51,4.41,4.51,10495499,46987512
2020/4/15,4.61,4.65,4.51,4.52,22140740,101397360
2020/4/16,4.5,4.56,4.45,4.55,13298320,60058208
2020/4/17,4.56,4.59,4.52,4.53,18750455,85339624
2020/4/20,4.54,4.55,4.47,4.5,14282826,64208300
2020/4/21,4.48,4.48,4.37,4.43,16535293,73033688
2020/4/22,4.4,4.5,4.37,4.49,13077662,58322708
2020/4/23,4.51,4.53,4.44,4.47,13425297,60183100
2020/4/24,4.47,4.51,4.32,4.35,15904547,69893248
2020/4/27,4.38,4.54,4.35,4.5,22022696,98528840
2020/4/28,4.48,4.51,4.18,4.39,22784129,99241264
2020/4/29,4.4,4.53,4.36,4.51,21570527,96693488
2020/4/30,4.56,4.57,4.47,4.52,28526582,128992816
2020/5/6,4.45,4.5,4.39,4.49,26719138,118649320
2020/5/7,4.46,4.47,4.39,4.4,19197776,84795280
2020/5/8,4.4,4.45,4.4,4.42,14507550,64150156
2020/5/11,4.42,4.46,4.36,4.37,18673660,82104408
2020/5/12,4.35,4.41,4.29,4.32,14277764,61863804
2020/5/13,4.34,4.34,4.26,4.31,12167652,52116796
2020/5/14,4.27,4.3,4.25,4.28,9883853,42220124
2020/5/15,4.3,4.32,4.25,4.26,8992580,38497972
2020/5/18,4.26,4.26,4.18,4.2,14378360,60550684
2020/5/19,4.24,4.24,4.19,4.2,8643208,36320960
2020/5/20,4.19,4.2,4.09,4.11,14395832,59551168
2020/5/21,4.12,4.3,4.1,4.25,21770332,92149296
2020/5/22,4.21,4.3,4.17,4.22,15003048,63751368
2020/5/25,4.22,4.23,4.11,4.14,9917775,41103028
2020/5/26,4.14,4.17,4.13,4.16,10363429,43016192
2020/5/27,4.16,4.16,4.1,4.12,9003278,37088232
2020/5/28,4.11,4.14,4.03,4.07,10232420,41705656
2020/5/29,4.05,4.1,4.04,4.07,6683080,27203114
2020/6/1,4.07,4.18,4.07,4.15,11297342,46770364
2020/6/2,4.15,4.2,4.12,4.19,12971258,54194964
2020/6/3,4.21,4.24,4.16,4.16,9119173,38185928
2020/6/4,4.18,4.28,4.14,4.23,15917986,67161480
2020/6/5,4.22,4.3,4.22,4.26,11521800,49052988
2020/6/8,4.27,4.31,4.17,4.17,13815025,58080396
2020/6/9,4.14,4.2,4.14,4.2,7674168,31978270
2020/6/10,4.28,4.38,4.24,4.27,22603351,97278888
2020/6/11,4.24,4.26,4.15,4.18,13836372,58207748
2020/6/12,4.1,4.16,4.07,4.13,12975630,53413868
2020/6/15,4.13,4.14,4.1,4.1,8146320,33563568
2020/6/16,4.13,4.16,4.11,4.16,9450526,39031792
2020/6/17,4.58,4.58,4.58,4.58,13369313,61231452
2020/6/18,4.86,4.86,4.62,4.65,106673758,505703008
2020/6/19,4.56,4.62,4.5,4.51,43170146,196144688
2020/6/22,4.56,4.67,4.53,4.58,32288322,148040816
2020/6/23,4.54,4.56,4.43,4.45,25569857,114355872
2020/6/24,4.47,4.65,4.43,4.59,31623924,144264224
2020/6/29,4.56,4.66,4.5,4.59,23378563,106878040
2020/6/30,4.6,4.67,4.56,4.61,22243986,102669872
2020/7/1,4.61,4.64,4.5,4.58,22525977,102688304
2020/7/2,4.58,4.6,4.52,4.59,23204124,105862808
2020/7/3,4.62,4.69,4.59,4.67,34872636,162333840
2020/7/6,5.12,5.14,4.88,5.04,98883217,498731776
2020/7/7,5.07,5.27,5.01,5.12,75833924,390924864
2020/7/8,5.11,5.2,5.07,5.15,44646645,229708928
2020/7/9,5.16,5.19,5.02,5.13,59378922,302895104
2020/7/10,5.12,5.15,5.03,5.05,35867168,182464736
2020/7/13,5.07,5.23,5.06,5.22,46031949,237931888
2020/7/14,5.25,5.35,5.1,5.18,42128120,219695712
2020/7/15,5.18,5.18,5,5.01,36055377,182591040
2020/7/16,4.99,5.07,4.8,4.83,38560032,190303728
2020/7/17,4.83,4.87,4.68,4.75,25086881,119372560
2020/7/20,4.9,5.16,4.85,5.15,49240264,248114032
2020/7/21,5.15,5.2,5.07,5.14,29033866,149134064
2020/7/22,5.14,5.15,5.04,5.05,29028720,147667440
2020/7/23,5.05,5.08,4.87,5.03,26541785,131892632
2020/7/24,5,5.1,4.85,4.86,34572243,170998288
2020/7/27,4.84,4.92,4.72,4.8,18046333,86503864
2020/7/28,4.88,4.88,4.76,4.81,13087588,63022968
2020/7/29,4.83,4.94,4.74,4.94,20407916,99247176
2020/7/30,4.97,5,4.9,4.92,15323213,75637784
2020/7/31,4.92,4.97,4.87,4.94,14357080,70687808
2020/8/3,4.96,5.07,4.95,5.07,24071751,120951128
2020/8/4,5.1,5.1,4.97,4.99,18397481,92215096
2020/8/5,5.01,5.03,4.92,5,15498868,77175824
2020/8/6,5,5.06,4.92,5.01,21745646,108283720
2020/8/7,5,5.02,4.87,4.95,20569873,101645696
2020/8/10,4.97,5.13,4.96,5.06,29580836,150173968
2020/8/11,5.08,5.09,4.9,4.9,25280141,125820504
2020/8/12,4.92,4.96,4.8,4.9,18543992,90226408
2020/8/13,4.93,5.04,4.92,4.98,17581703,87786920
2020/8/14,5,5.04,4.93,5.03,15821134,78864928
2020/8/17,5.04,5.13,5.01,5.1,28803353,146216688
2020/8/18,5.1,5.23,5.08,5.17,32816307,169529968
2020/8/19,5.2,5.2,5.04,5.07,19856608,101313832
2020/8/20,5.04,5.1,4.95,4.97,17471826,87366104
2020/8/21,4.98,5.02,4.92,4.95,12026075,59701336
2020/8/24,4.98,5,4.91,4.96,11617321,57520280
2020/8/25,4.97,4.98,4.92,4.94,10051596,49700884
2020/8/26,4.96,4.97,4.83,4.84,15926915,77831112
2020/8/27,4.85,4.93,4.81,4.93,10183314,49700868
2020/8/28,4.89,4.9,4.81,4.89,12823140,62393280
2020/8/31,4.91,4.93,4.83,4.83,19501365,94920792
2020/9/1,4.84,4.87,4.8,4.86,8448117,40823284
2020/9/2,4.87,4.89,4.81,4.84,9463500,45847556
2020/9/3,4.85,4.86,4.74,4.76,14557570,69784608
2020/9/4,4.7,4.78,4.68,4.78,8114870,38470812
2020/9/7,4.74,4.81,4.72,4.74,10257901,49008976
2020/9/8,4.76,4.85,4.7,4.85,10883876,52156072
2020/9/9,4.8,4.87,4.78,4.8,13079084,63214996
2020/9/10,4.81,4.84,4.58,4.59,18495007,86721016
2020/9/11,4.58,4.64,4.54,4.61,7865789,36099568
2020/9/14,4.63,4.72,4.61,4.66,7134282,33256920
2020/9/15,4.66,4.67,4.56,4.6,8591580,39539708
2020/9/16,4.62,4.72,4.55,4.67,12165005,56548580
2020/9/17,4.67,4.67,4.58,4.61,6231716,28760440
2020/9/18,4.65,4.69,4.6,4.68,6993823,32504010
2020/9/21,4.7,4.73,4.66,4.72,6759250,31736012
2020/9/22,4.67,4.67,4.6,4.6,6638257,30717178
2020/9/23,4.63,4.84,4.57,4.76,18977662,89458488
2020/9/24,4.7,4.81,4.64,4.71,14863025,70166080
2020/9/25,4.74,4.78,4.67,4.67,6230500,29322128
2020/9/28,4.64,4.67,4.59,4.61,6442541,29782856
2020/9/29,4.63,4.69,4.59,4.65,6383027,29750892
2020/9/30,4.66,4.82,4.64,4.76,18518670,88437392
2020/10/9,4.86,4.92,4.82,4.89,16230602,79021544
2020/10/12,4.89,4.95,4.86,4.95,18063667,88883760
2020/10/13,4.95,4.97,4.9,4.94,10422503,51411576
2020/10/14,4.95,4.96,4.86,4.86,10397313,50800864
2020/10/15,4.89,4.9,4.83,4.85,6493108,31604836
2020/10/16,4.83,4.86,4.81,4.83,5722400,27638392
2020/10/19,4.85,4.86,4.78,4.8,6998188,33760560
2020/10/20,4.79,4.82,4.74,4.82,5177400,24747590
2020/10/21,4.79,4.81,4.71,4.72,5498280,26084688
2020/10/22,4.73,4.75,4.66,4.72,4200093,19749876
2020/10/23,4.7,4.76,4.65,4.66,4735720,22208564
2020/10/26,4.66,4.7,4.6,4.68,3962360,18483068
2020/10/27,4.68,4.68,4.62,4.67,4700360,21837284
2020/10/28,4.68,4.68,4.6,4.62,5529600,25556974
2020/10/29,4.6,4.66,4.55,4.65,5615265,25949616
2020/10/30,4.65,4.67,4.59,4.66,8140808,37768960
2020/11/2,4.66,4.74,4.61,4.74,7015100,32784160
2020/11/3,4.73,4.83,4.73,4.79,8860504,42357960
2020/11/4,4.75,4.79,4.72,4.76,5055029,24003724
2020/11/5,4.76,4.83,4.74,4.81,7784401,37231408
2020/11/6,4.82,4.85,4.74,4.85,12713694,61084156
2020/11/9,4.9,4.94,4.82,4.86,13276702,64569968
2020/11/10,4.82,4.93,4.81,4.91,15341589,74753304
2020/11/11,4.91,4.91,4.81,4.82,9645403,46823468
2020/11/12,4.81,4.86,4.76,4.8,7107727,34074044
2020/11/13,4.78,4.86,4.75,4.78,7039550,33752624
2020/11/16,4.78,4.9,4.75,4.89,11918710,57835324
2020/11/17,4.88,4.92,4.84,4.87,7990720,38909124
2020/11/18,4.86,4.93,4.85,4.89,8559412,41876868
2020/11/19,4.88,4.91,4.85,4.89,6254743,30515902
2020/11/20,4.81,4.96,4.7,4.92,20738513,100760008
2020/11/23,4.9,4.96,4.89,4.93,12213320,60245180
2020/11/24,4.96,4.96,4.83,4.86,11539905,56223924
2020/11/25,4.88,4.93,4.82,4.85,10964922,53303508
2020/11/26,4.86,4.89,4.67,4.7,14516313,68861984
2020/11/27,4.7,4.85,4.67,4.79,12142359,57843480
2020/11/30,4.76,4.88,4.76,4.8,8259406,39774848
2020/12/1,4.79,5.27,4.77,5.09,47832722,242062352
2020/12/2,5.12,5.19,5.06,5.06,34565461,177109840
2020/12/3,5.09,5.12,4.98,4.98,19702369,99008544
2020/12/4,5.03,5.08,4.95,5.04,14062891,70696368
2020/12/7,5.05,5.07,4.92,4.96,13173528,65514280
2020/12/8,4.96,5.02,4.91,4.93,10698872,53013336
2020/12/9,4.94,4.97,4.79,4.8,22097880,108112016
2020/12/10,4.78,4.85,4.75,4.77,9363158,44888692
2020/12/11,4.76,4.8,4.7,4.73,10189086,48252652
2020/12/14,4.73,4.73,4.61,4.65,14569612,67783120
2020/12/15,4.64,4.66,4.59,4.61,9085040,41953188
2020/12/16,4.61,4.65,4.56,4.6,8299454,38098268
2020/12/17,4.6,4.6,4.45,4.58,14201083,64227992
2020/12/18,4.59,4.64,4.56,4.57,7060380,32393484
2020/12/21,4.59,4.62,4.53,4.6,6986119,31998664
2020/12/22,4.57,4.6,4.46,4.46,9862914,44570952
2020/12/23,4.47,4.52,4.45,4.47,5792680,25954032
2020/12/24,4.49,4.65,4.42,4.52,10622080,48222260
2020/12/25,4.49,4.62,4.48,4.57,8766344,39976164
2020/12/28,4.57,4.58,4.47,4.47,7965039,35906812
2020/12/29,4.49,4.53,4.43,4.44,7441186,33223526
2020/12/30,4.46,4.62,4.45,4.56,12506162,56889952
2020/12/31,4.59,4.78,4.57,4.69,14386743,67644360
2021/1/4,4.69,4.71,4.66,4.68,7823651,36648728
2021/1/5,4.68,4.68,4.58,4.63,7303672,33781052
2021/1/6,4.63,4.63,4.48,4.51,12536188,56663164
2021/1/7,4.51,4.52,4.43,4.44,9300231,41530396
2021/1/8,4.46,4.53,4.35,4.53,9747611,43311712
2021/1/11,4.53,4.54,4.38,4.41,6249955,27818244
2021/1/12,4.4,4.43,4.35,4.38,8210606,35942012
2021/1/13,4.39,4.39,4.23,4.26,9686000,41501556
2021/1/14,4.26,4.31,4.24,4.28,6003994,25657376
2021/1/15,4.28,4.32,4.28,4.31,4461768,19209258
2021/1/18,4.31,4.34,4.3,4.33,4958342,21409772
2021/1/19,4.32,4.33,4.24,4.29,7321643,31300890
2021/1/20,4.29,4.33,4.25,4.32,5053005,21685616
2021/1/21,4.33,4.34,4.28,4.3,5313044,22853132
2021/1/22,4.3,4.3,4.18,4.19,9896944,41762684
2021/1/25,4.19,4.19,4.06,4.07,9707850,39774916
2021/1/26,4.06,4.15,3.94,3.94,10352877,41680464
2021/1/27,3.95,3.98,3.89,3.94,6986711,27548296
2021/1/28,3.94,3.97,3.86,3.87,7574986,29571498
2021/1/29,3.87,3.9,3.68,3.71,14845589,55621796
2021/2/1,3.82,3.93,3.79,3.83,13205665,50847740
2021/2/2,3.84,4.21,3.84,4.21,38094157,159483504
2021/2/3,4.08,4.24,4.04,4.16,33311346,137995376
2021/2/4,4.15,4.49,4.12,4.34,30553825,132218776
2021/2/5,4.28,4.39,4.24,4.26,16964792,72818184
2021/2/8,4.21,4.42,4.2,4.37,12096767,52308548
2021/2/9,4.43,4.43,4.31,4.32,9055394,39343628
2021/2/10,4.3,4.47,4.28,4.43,14265959,62954832
2021/2/18,4.45,4.46,4.37,4.43,7960556,35145100
2021/2/19,4.43,4.47,4.37,4.45,13406923,59285280
2021/2/22,4.44,4.5,4.4,4.4,20163787,90020032
2021/2/23,4.38,4.4,4.2,4.22,16368020,69921120
2021/2/24,4.11,4.17,4.01,4.05,23392788,95372608
2021/2/25,4.03,4.07,3.97,3.98,12243200,48971712
2021/2/26,3.98,4.07,3.93,4.04,9795428,39414160
2021/3/1,4.05,4.12,4.02,4.05,16552245,67219408
2021/3/2,4.07,4.07,4.02,4.04,8883605,35905480
2021/3/3,4.04,4.14,4.01,4.13,16361036,66935160
2021/3/4,4.09,4.17,4.08,4.09,12283308,50598676
2021/3/5,4.08,4.13,4.08,4.11,8972201,36812248
2021/3/8,4.11,4.18,4.1,4.11,11895701,49195784
2021/3/9,4.11,4.13,3.93,4.02,11639117,46890300
2021/3/10,4.05,4.06,3.95,3.96,6107065,24400452
2021/3/11,3.96,4.03,3.94,4.02,5506799,22015694
2021/3/12,4.01,4.03,3.98,4.03,5298125,21211406
2021/3/15,4.02,4.05,3.97,4.03,3952200,15877888
2021/3/16,4.05,4.05,4.01,4.05,5043137,20345802
2021/3/17,4.05,4.11,4.03,4.11,7016520,28683782
2021/3/18,4.09,4.11,4.07,4.08,4706187,19230034
2021/3/19,4.08,4.1,4.02,4.03,7716717,31213372
2021/3/22,4.05,4.08,4.01,4.07,7331602,29671392
2021/3/23,4.05,4.09,4.04,4.06,5706539,23153492
2021/3/24,4.06,4.06,3.99,4,5885447,23649096
2021/3/25,3.99,4.03,3.98,4,5168259,20663982
2021/3/26,4.04,4.08,4.01,4.07,7371175,29881838
2021/3/29,4.08,4.19,4.08,4.18,15213902,62874276
2021/3/30,4.18,4.19,4.1,4.14,12417185,51297040
2021/3/31,4.12,4.18,4.09,4.12,5083028,20930150
2021/4/1,4.13,4.14,4.05,4.06,7329920,29862942
2021/4/2,4.07,4.12,4.06,4.09,5638273,23066718
2021/4/6,4.09,4.11,4.04,4.07,4149149,16865222
2021/4/7,4.05,4.08,4.03,4.08,4784200,19400394
2021/4/8,4.05,4.07,4.02,4.03,5376003,21693186
2021/4/9,4.03,4.04,4,4.02,4167441,16732671
2021/4/12,4.01,4.26,3.99,4.22,26102558,108425720
2021/4/13,4.23,4.27,4.12,4.18,18248259,76427056
2021/4/14,4.15,4.2,4.13,4.16,7230193,30098816
2021/4/15,4.17,4.27,4.14,4.25,10373488,43797740
2021/4/16,4.26,4.38,4.21,4.36,19759335,85600512
2021/4/19,4.39,4.5,4.31,4.48,16817454,73900664
2021/4/20,4.46,4.47,4.33,4.35,13437198,59146400
2021/4/21,4.33,4.51,4.33,4.4,16354978,72573528
2021/4/22,4.39,4.42,4.32,4.39,7922171,34591976
2021/4/23,4.39,4.5,4.35,4.38,14144451,62532480
2021/4/26,4.35,4.43,4.32,4.37,8596326,37667060
2021/4/27,4.36,4.42,4.33,4.35,8346120,36553656
2021/4/28,4.34,4.48,4.27,4.32,11923640,52264508
2021/4/29,4.31,4.45,4.29,4.42,15426698,67750408
2021/4/30,4.4,4.58,4.39,4.5,24760235,111610704
2021/5/6,4.63,4.78,4.61,4.69,28163472,132623248
2021/5/7,4.71,4.73,4.62,4.69,17900811,83873856
2021/5/10,4.7,4.74,4.59,4.67,21091077,98307744
2021/5/11,4.69,4.9,4.68,4.8,35169070,168576112
2021/5/12,4.75,4.82,4.71,4.75,17665240,84192248
2021/5/13,4.72,4.9,4.67,4.69,27559513,132483184
2021/5/14,4.69,4.7,4.54,4.62,18593881,85280424
2021/5/17,4.65,4.78,4.53,4.55,16462200,76210776
2021/5/18,4.51,4.56,4.43,4.47,10220714,45714904
2021/5/19,4.43,4.46,4.38,4.41,6843000,30195664
2021/5/20,4.4,4.41,4.34,4.36,7163197,31276050
2021/5/21,4.33,4.43,4.32,4.39,6827601,30013804
2021/5/24,4.37,4.45,4.37,4.43,6301071,27839268
2021/5/25,4.43,4.45,4.36,4.4,6342680,27852524
2021/5/26,4.41,4.42,4.37,4.4,5190003,22819738
2021/5/27,4.4,4.42,4.37,4.4,6153333,27027550
2021/5/28,4.39,4.39,4.33,4.34,6606929,28796802
2021/5/31,4.35,4.37,4.27,4.37,7099770,30613282
2021/6/1,4.37,4.69,4.34,4.64,20333229,92075560
2021/6/2,4.64,4.74,4.58,4.67,15333309,71616192
2021/6/3,4.68,4.76,4.6,4.64,10906719,50921988
2021/6/4,4.6,4.7,4.55,4.63,8656520,40058836
2021/6/7,4.65,4.73,4.62,4.69,8695029,40641304
2021/6/8,4.78,4.88,4.72,4.77,15175289,72838112
2021/6/9,4.78,4.8,4.66,4.73,8462803,39926088
2021/6/10,4.7,4.72,4.65,4.68,5975705,27986392
2021/6/11,4.72,4.72,4.63,4.65,6139800,28689112
2021/6/15,4.6,4.68,4.58,4.62,6537245,30274220
2021/6/16,4.67,4.78,4.58,4.59,7932620,37018560
2021/6/17,4.59,4.71,4.58,4.66,6499568,30171084
2021/6/18,4.67,4.74,4.61,4.71,7198464,33695368
2021/6/21,4.69,4.75,4.67,4.71,7205659,33920528
2021/6/22,4.74,4.82,4.67,4.8,12485620,59514988
2021/6/23,4.8,4.82,4.64,4.7,10708512,50448272
2021/6/24,4.67,4.76,4.61,4.75,9090988,42726752
2021/6/25,4.76,4.79,4.68,4.72,7905839,37395184
2021/6/28,4.76,4.77,4.62,4.66,8451786,39509492
2021/6/29,4.68,4.69,4.53,4.56,7519752,34554540
2021/6/30,4.56,4.64,4.51,4.63,5302780,24202032
2021/7/1,4.63,4.75,4.56,4.67,10388298,48802056
2021/7/2,4.64,4.69,4.58,4.62,6379100,29520318
2021/7/5,4.62,4.65,4.5,4.55,6421320,29231510
2021/7/6,4.55,4.59,4.52,4.55,4992022,22728470
2021/7/7,4.51,4.62,4.51,4.54,4869480,22160842
2021/7/8,4.54,4.55,4.48,4.5,6526009,29428836
2021/7/9,4.5,4.78,4.43,4.71,17323853,80274904
2021/7/12,4.73,4.76,4.68,4.72,8385047,39534716
2021/7/13,4.77,4.93,4.75,4.83,18169287,87657208
2021/7/14,4.83,4.86,4.75,4.8,9933690,47778976
2021/7/15,4.8,4.86,4.71,4.84,12834480,61570740
2021/7/16,4.84,4.97,4.82,4.84,12134452,59247092
2021/7/19,4.85,5.02,4.82,4.98,22019680,109178368
2021/7/20,4.96,5.06,4.93,4.97,12003470,59919132
2021/7/21,4.96,4.99,4.91,4.94,9795572,48362428
2021/7/22,4.94,5.02,4.89,4.97,12000848,59418588
2021/7/23,4.98,5.07,4.93,4.98,12316974,61526924
2021/7/26,5.02,5.03,4.84,4.89,13593740,66847816
2021/7/27,4.91,5.26,4.89,5.02,43674293,222114112
2021/7/28,5.02,5.07,4.64,4.71,28517999,136918304
2021/7/29,4.78,5.03,4.75,4.95,25716347,126022520
2021/7/30,4.92,5.07,4.91,5.01,18994954,94881472
2021/8/2,5.05,5.2,4.99,5.15,27387786,140680640
2021/8/3,5.15,5.18,5.06,5.1,18436046,94119848
2021/8/4,5.1,5.16,5.06,5.12,17743795,90652008
2021/8/5,5.13,5.15,5.03,5.13,16733022,85164656
2021/8/6,5.17,5.18,5.06,5.14,10628005,54232416
2021/8/9,5.14,5.14,4.99,5.04,18190314,91846424
2021/8/10,5.04,5.14,5,5.05,23333021,118160312
2021/8/11,5.07,5.15,4.97,5.14,22029249,111490976
2021/8/12,5.16,5.65,5.16,5.34,118983987,654558080
2021/8/13,5.15,5.81,5.03,5.65,117199199,632964672
2021/8/16,5.67,5.88,5.59,5.63,74745011,426909280
2021/8/17,5.64,5.69,5.3,5.4,47766542,263253008
2021/8/18,5.36,5.94,5.31,5.94,90908422,519767968
2021/8/19,5.98,5.99,5.77,5.82,70550890,413408576
2021/8/20,5.77,5.93,5.73,5.89,56239025,328063552
2021/8/23,5.96,6.14,5.79,6.05,79681358,478218080
2021/8/24,5.97,6.04,5.81,5.93,49557320,292864640
2021/8/25,5.93,5.95,5.78,5.89,37629053,219721808
2021/8/26,5.87,6.11,5.81,6.06,58913496,355086848
2021/8/27,6.07,6.07,5.88,5.92,38014021,226372944
2021/8/30,5.86,5.97,5.74,5.81,38020809,222828272
2021/8/31,5.78,6.12,5.77,6,60678574,365597344
2021/9/1,6.45,6.6,6.3,6.6,29788453,194698112
2021/9/2,7.13,7.13,6.32,6.66,138902273,925657664
2021/9/3,6.59,7.31,6.58,6.84,107293498,739500032
2021/9/6,6.72,6.88,6.31,6.53,76511478,501256352
2021/9/7,6.5,6.65,6.39,6.6,43870224,286175712
2021/9/8,6.52,6.86,6.36,6.64,49373829,327255552
2021/9/9,6.6,6.93,6.51,6.89,56278098,379729760
2021/9/10,6.89,7.1,6.63,6.66,50795475,344585600
2021/9/13,6.61,6.88,6.46,6.83,43055452,289129408
2021/9/14,6.76,6.83,6.52,6.57,37612581,250143312
2021/9/15,6.5,6.62,6.47,6.58,26812756,175210608
2021/9/16,6.58,6.74,6.4,6.43,33082943,217092224
2021/9/17,6.4,6.56,6.38,6.52,25808506,167304704
2021/9/22,6.33,6.33,5.98,6.11,48193888,296344480
2021/9/23,6.23,6.55,6.14,6.18,37850322,238460816
2021/9/24,6.12,6.21,5.84,5.84,37487392,223767472
2021/9/27,5.85,5.91,5.57,5.64,32986864,187552064
2021/9/28,5.63,5.68,5.5,5.63,25201321,140600944
2021/9/29,5.57,5.64,5.42,5.44,20958904,115526992
2021/9/30,5.44,5.61,5.4,5.56,16801066,92656248
2021/10/8,5.64,5.68,5.54,5.65,16811514,94369840
2021/10/11,5.53,5.76,5.52,5.66,18505477,105040384
2021/10/12,5.66,5.7,5.5,5.61,15825622,88393072
2021/10/13,5.62,5.72,5.53,5.67,13867171,78305920
2021/10/14,5.64,5.96,5.62,5.87,29557257,173305488
2021/10/15,5.87,5.99,5.77,5.79,16616165,97197496
2021/10/18,5.79,5.86,5.73,5.79,12630389,73097832
2021/10/19,5.79,5.85,5.73,5.79,13556900,78474008
2021/10/20,5.8,5.8,5.65,5.7,14182159,80925536
2021/10/21,5.74,5.74,5.54,5.58,16905506,94916296
2021/10/22,5.62,5.63,5.4,5.45,18121276,99640920
2021/10/25,5.45,5.49,5.32,5.44,11847018,64269944
2021/10/26,5.45,5.54,5.42,5.46,12150119,66559340
2021/10/27,5.47,5.49,5.27,5.35,13832636,73863608
2021/10/28,5.32,5.43,5.22,5.23,12410338,65697212
2021/10/29,5.24,5.45,5.24,5.42,15254399,82132000
2021/11/1,5.36,5.45,5.29,5.38,13798254,74020784
2021/11/2,5.37,5.5,5.36,5.43,21326978,115855440
2021/11/3,5.39,5.49,5.34,5.41,13897553,75149768
2021/11/4,5.39,5.59,5.38,5.57,20014746,110386072
2021/11/5,5.58,5.6,5.48,5.49,18237430,101012248
2021/11/8,5.5,5.55,5.4,5.41,11474503,62324828
2021/11/9,5.42,5.53,5.4,5.49,16050428,87896888
2021/11/10,5.49,5.53,5.37,5.46,14321630,77799984
2021/11/11,5.45,5.6,5.44,5.52,15424687,85012696
2021/11/12,5.55,5.55,5.38,5.47,16535845,90057040
2021/11/15,5.43,5.49,5.39,5.42,20289576,110282632
2021/11/16,5.4,5.48,5.25,5.26,21954060,117539728
2021/11/17,5.22,5.37,5.21,5.36,16153424,85877976
2021/11/18,5.38,5.47,5.28,5.28,17147705,91793448
2021/11/19,5.35,5.81,5.33,5.81,71801891,406973120
2021/11/22,5.83,5.97,5.77,5.93,81995840,481372160
2021/11/23,5.88,5.94,5.77,5.84,40574634,236421536
2021/11/24,5.8,6.08,5.75,6.02,56194524,333335488
2021/11/25,5.98,6.03,5.81,6,44239386,261634560
2021/11/26,5.91,6.25,5.87,6.08,54044539,329822912
2021/11/29,5.95,6.07,5.9,6.02,31913824,191083104
2021/11/30,5.99,6.22,5.99,6.17,58970393,362054880
2021/12/1,6.13,6.3,6.11,6.17,60493299,376208736
2021/12/2,6.2,6.32,6.13,6.24,57325699,357383808
2021/12/3,6.26,6.26,5.99,6.13,36096168,220631056
2021/12/6,6.13,6.2,6,6.02,33357211,202975872
2021/12/7,6.05,6.07,5.84,5.93,30724779,181957712
2021/12/8,5.96,6.03,5.91,5.99,19509259,116562992
2021/12/9,5.96,5.99,5.88,5.98,19847955,117660384
2021/12/10,5.96,6.18,5.94,5.97,27022681,163368496
2021/12/13,5.97,6.05,5.89,5.93,22956904,136586240
2021/12/14,5.91,5.95,5.78,5.82,26370792,153985360
2021/12/15,5.8,5.91,5.78,5.85,23934955,140350496
2021/12/16,5.88,5.89,5.81,5.86,19623564,114686112
2021/12/17,5.84,5.88,5.62,5.62,34815716,199339776
2021/12/20,5.65,5.84,5.64,5.66,24134687,138241408
2021/12/21,5.66,5.83,5.61,5.83,23547900,135284560
2021/12/22,5.82,5.89,5.71,5.74,21076686,121263816
2021/12/23,5.76,5.79,5.63,5.72,16324882,93134752
2021/12/24,5.7,5.72,5.48,5.51,23858895,132544592
2021/12/27,5.47,5.55,5.45,5.49,11477613,63030308
2021/12/28,5.49,5.57,5.42,5.56,16561315,91292368
2021/12/29,5.56,5.58,5.5,5.51,13773582,76177048
2021/12/30,5.49,5.59,5.48,5.54,13455228,74613904
2021/12/31,5.55,5.62,5.54,5.58,11957226,66817960
2022/1/4,5.58,5.66,5.54,5.64,18843334,105875120
2022/1/5,5.64,5.65,5.52,5.56,16695834,93063624
2022/1/6,5.54,5.63,5.53,5.59,12905700,72237320
2022/1/7,5.6,5.67,5.52,5.53,16529154,92421904
2022/1/10,5.5,5.6,5.46,5.58,10548016,58520108
2022/1/11,5.58,5.72,5.58,5.64,20443200,115905552
2022/1/12,5.68,5.71,5.63,5.7,13492111,76618440
2022/1/13,5.74,5.75,5.62,5.62,11663324,66151444
2022/1/14,5.6,5.63,5.39,5.42,19980053,109763296
2022/1/17,5.4,5.63,5.37,5.61,18930073,104997176
2022/1/18,5.61,5.65,5.53,5.59,11802324,65853724
2022/1/19,5.57,5.6,5.5,5.53,7775240,43171780
2022/1/20,5.5,5.55,5.33,5.34,14057754,76049640
2022/1/21,5.33,5.36,5.23,5.25,10583092,56001540
2022/1/24,5.24,5.24,5.11,5.13,14067475,72538384
2022/1/25,5.12,5.22,4.91,4.92,29156567,147440976
2022/1/26,4.97,5.29,4.96,5.24,31204418,162231088
2022/1/27,5.24,5.27,5.12,5.14,14908573,77443600
2022/1/28,5.21,5.22,5.1,5.14,10898984,56226444
2022/2/7,5.23,5.27,5.17,5.25,8773393,45963316
2022/2/8,5.27,5.34,5.21,5.34,12998977,68523608
2022/2/9,5.31,5.34,5.28,5.31,9415735,49976712
2022/2/10,5.36,5.38,5.27,5.3,11166822,59288744
2022/2/11,5.28,5.3,5.18,5.19,9476682,49491368
2022/2/14,5.16,5.22,5.13,5.15,8029585,41455020
2022/2/15,5.16,5.2,5.11,5.17,6603204,34009764
2022/2/16,5.19,5.25,5.16,5.21,7561400,39300052
2022/2/17,5.18,5.2,5.14,5.16,8166322,42214528
2022/2/18,5.14,5.21,5.12,5.2,8683985,44853352
2022/2/21,5.2,5.3,5.17,5.28,15097789,79316624
2022/2/22,5.28,5.34,5.18,5.21,13831683,72532728
2022/2/23,5.22,5.29,5.21,5.27,9594639,50478476
2022/2/24,5.25,5.3,5,5.09,22225119,113933520
2022/2/25,5.12,5.22,5.1,5.13,14389557,74107424
2022/2/28,5.17,5.17,5.06,5.1,9405516,47881812
2022/3/1,5.14,5.21,5.11,5.21,12888041,66515424
2022/3/2,5.21,5.28,5.18,5.26,11503055,60332984
2022/3/3,5.34,5.34,5.22,5.24,8090380,42510876
2022/3/4,5.21,5.24,5.13,5.15,8680591,44851816
2022/3/7,5.11,5.21,5.08,5.11,11810742,60858740
2022/3/8,5.09,5.13,4.93,4.98,13766064,69082912
2022/3/9,5.03,5.04,4.61,4.81,15490232,74893272
2022/3/10,4.9,4.94,4.83,4.86,10908960,53258872
2022/3/11,4.81,4.92,4.67,4.91,11468564,54969912
2022/3/14,4.9,4.92,4.76,4.77,10033158,48606216
2022/3/15,4.78,4.81,4.38,4.39,22750126,104357552
2022/3/16,4.49,4.55,4.29,4.54,16518176,73667080
2022/3/17,4.6,4.74,4.58,4.68,16801853,78723096
2022/3/18,4.7,4.74,4.66,4.69,9404615,44182660
2022/3/21,4.7,4.78,4.67,4.74,10491700,49564256
2022/3/22,4.7,4.74,4.63,4.7,13613205,63644052
2022/3/23,4.7,4.82,4.7,4.73,8888810,42116624
2022/3/24,4.74,4.74,4.63,4.64,7053159,32969672
2022/3/25,4.64,4.76,4.62,4.67,10096877,47449348
2022/3/28,4.64,4.69,4.55,4.63,9591811,44334836
2022/3/29,4.64,4.65,4.55,4.57,9419133,43233412
2022/3/30,4.6,4.67,4.57,4.66,8179817,37943640
2022/3/31,4.66,4.84,4.64,4.74,16012425,76107120
2022/4/1,4.7,4.74,4.66,4.69,7706547,36114068
2022/4/6,4.68,4.77,4.67,4.77,9617027,45555984
2022/4/7,4.77,4.79,4.6,4.6,10334862,48184940
2022/4/8,4.6,4.63,4.43,4.52,11347293,51083300
2022/4/11,4.49,4.54,4.34,4.35,10821010,47887204
2022/4/12,4.37,4.46,4.3,4.46,9168619,40128164
2022/4/13,4.43,4.44,4.36,4.37,6028854,26527024
2022/4/14,4.46,4.46,4.39,4.43,5237528,23128462
2022/4/15,4.38,4.4,4.28,4.29,9238878,40077240
2022/4/18,4.28,4.33,4.17,4.3,9018860,38412292
2022/4/19,4.28,4.4,4.27,4.36,6739854,29411436
2022/4/20,4.3,4.32,4.17,4.23,22988403,97544224
2022/4/21,4.18,4.23,3.94,3.98,17952531,73053528
2022/4/22,3.93,4.02,3.86,3.94,10920286,43051108
2022/4/25,3.9,3.9,3.66,3.66,24868919,93430728
2022/4/26,3.72,3.76,3.62,3.64,15753608,58020084
2022/4/27,3.62,3.75,3.54,3.74,13723507,50243564
2022/4/28,3.76,3.77,3.65,3.68,12046187,44569700
2022/4/29,3.69,3.81,3.68,3.78,12019486,45057744
2022/5/5,3.78,3.84,3.76,3.81,9371299,35659992
2022/5/6,3.74,3.91,3.72,3.85,10082715,38566092
2022/5/9,3.82,4.15,3.82,4.07,11660255,45892332
2022/5/10,3.95,4.02,3.86,3.98,20003459,79028544
2022/5/11,3.95,4.02,3.92,3.92,16429356,65275676
2022/5/12,3.89,3.97,3.86,3.96,12596636,49360772
2022/5/13,3.95,4.02,3.91,3.99,15088971,59776964
2022/5/16,3.95,4.02,3.94,3.96,8106997,32178040
2022/5/17,3.95,3.98,3.89,3.97,9117030,35849208
2022/5/18,3.99,4.02,3.94,3.99,10183753,40569980
2022/5/19,3.95,4,3.93,3.99,8275792,32835802
2022/5/20,4.02,4.06,3.98,4.02,9216702,37033044
2022/5/23,4.03,4.14,4,4.11,15121864,61759100
2022/5/24,4.11,4.14,3.93,3.94,13981748,56423716
2022/5/25,3.91,4,3.91,3.99,7255880,28725976
2022/5/26,4.02,4.03,3.93,4.03,7438466,29708922
2022/5/27,4.06,4.06,3.96,4,6891351,27593924
2022/5/30,4.02,4.06,4,4.05,8451541,34097104
2022/5/31,4.05,4.08,4.01,4.07,6627660,26828470
2022/6/1,4.05,4.13,4.04,4.1,9167875,37543520
2022/6/2,4.11,4.2,4.07,4.19,12273926,50882396
2022/6/6,4.22,4.24,4.16,4.19,9623252,40353360
2022/6/7,4.2,4.2,4.11,4.18,11345289,47150828
2022/6/8,4.16,4.22,4.1,4.17,10209452,42527172
2022/6/9,4.19,4.19,4.09,4.11,7995680,32962918
2022/6/10,4.1,4.17,4.07,4.16,7640602,31637464
2022/6/13,4.14,4.2,4.12,4.18,7955204,33164822
2022/6/14,4.16,4.26,4.08,4.26,15113539,63290260
2022/6/15,4.36,4.37,4.22,4.22,20065906,86074264
2022/6/16,4.22,4.28,4.16,4.18,12692927,53332700
2022/6/17,4.15,4.41,4.13,4.38,33973082,146582368
2022/6/20,4.4,4.4,4.27,4.31,25261303,108723544
2022/6/21,4.29,4.33,4.21,4.26,14870980,63385188
2022/6/22,4.26,4.29,4.22,4.24,10626116,45258624
2022/6/23,4.22,4.35,4.22,4.34,14772488,63541548
2022/6/24,4.34,4.42,4.3,4.41,17050062,74642792
2022/6/27,4.42,4.62,4.39,4.6,29738011,134380224
2022/6/28,4.59,4.85,4.51,4.82,42286200,199933056
2022/6/29,4.85,5.3,4.78,5.3,96832619,499322688
2022/6/30,4.89,5.58,4.85,5.2,121404162,620129472
2022/7/1,5.06,5.14,4.77,4.81,59096274,290152992
2022/7/4,4.83,5.17,4.78,4.92,41683612,206821248
2022/7/5,4.83,4.91,4.67,4.72,37048020,177208016
2022/7/6,4.66,4.78,4.63,4.7,25980264,122414536
2022/7/7,4.72,4.74,4.6,4.71,30672121,143015104
2022/7/8,4.65,4.89,4.65,4.85,40551215,194051792
2022/7/11,4.86,4.86,4.65,4.71,25361334,119647072
2022/7/12,4.69,4.71,4.5,4.5,24586392,112803592
2022/7/13,4.52,4.65,4.52,4.62,16481504,75624640
2022/7/14,4.59,4.71,4.57,4.64,17527361,81732968
2022/7/15,4.65,4.88,4.63,4.7,30971194,147684672
2022/7/18,4.57,4.78,4.53,4.77,28310054,132314560
2022/7/19,4.75,4.91,4.72,4.84,26713837,129102416
2022/7/20,4.84,4.95,4.8,4.94,27611476,135398080
2022/7/21,4.94,4.95,4.8,4.82,23068543,111765856
2022/7/22,4.82,4.86,4.71,4.81,22958667,109750856
2022/7/25,4.77,4.84,4.68,4.69,16519366,78547312
2022/7/26,4.74,4.82,4.6,4.81,18544244,87624088
2022/7/27,4.76,5.01,4.72,4.99,48232839,237552896
2022/7/28,4.99,5.06,4.93,4.99,36476500,181959376
2022/7/29,5,5.38,4.99,5.11,55951090,288318272
2022/8/1,5.1,5.36,5.07,5.19,50204405,261095904
2022/8/2,5.16,5.17,4.92,5.03,49764579,250927968
2022/8/3,5.02,5.2,4.93,5.2,63783612,322270560
2022/8/4,5.2,5.72,5.01,5.49,124074909,668368896
2022/8/5,5.35,5.39,5.15,5.23,78208001,410058080
2022/8/8,5.12,5.34,5.06,5.28,50006752,260848448
2022/8/9,5.22,5.72,5.2,5.44,78730375,431048352
2022/8/10,5.34,5.68,5.25,5.57,83901378,459368288
2022/8/11,5.5,5.66,5.45,5.48,69205094,383002208
2022/8/12,5.45,5.62,5.37,5.38,51099369,280960768
2022/8/15,5.31,5.43,5.2,5.41,39686068,211861696
2022/8/16,5.38,5.45,5.27,5.34,40811580,218397680
2022/8/17,5.31,5.4,5.26,5.33,34650621,184377936
2022/8/18,5.28,5.86,5.25,5.65,141514024,805072320
2022/8/19,5.75,5.96,5.56,5.71,132786193,764301440
2022/8/22,5.55,5.6,5.35,5.46,69692415,381624160
2022/8/23,5.47,5.99,5.46,5.78,105218459,609937152
2022/8/24,5.7,5.77,5.42,5.48,72595111,403474688
2022/8/25,5.43,5.48,5.14,5.18,51469150,270020832
2022/8/26,5.18,5.26,4.98,5,40959926,209029248
2022/8/29,4.9,5.04,4.83,5.03,18135423,90434144
2022/8/30,5.01,5.04,4.85,4.91,22387950,110448800
2022/8/31,4.87,4.9,4.67,4.68,27365811,129684528
2022/9/1,4.66,4.74,4.64,4.69,13233061,61999256
2022/9/2,4.73,4.86,4.72,4.77,18001884,86090320
2022/9/5,4.77,4.82,4.73,4.76,11444988,54580236
2022/9/6,4.73,4.81,4.72,4.81,18194758,86937560
2022/9/7,4.78,4.86,4.78,4.84,16088843,77670576
2022/9/8,4.83,4.85,4.71,4.72,14112894,67447024
2022/9/9,4.72,4.82,4.67,4.82,11607222,55068868
2022/9/13,4.8,4.86,4.78,4.8,12656615,61014220
2022/9/14,4.74,4.76,4.64,4.69,12988729,60987272
2022/9/15,4.69,4.72,4.43,4.46,19310402,87551448
2022/9/16,4.46,4.53,4.36,4.39,10125535,44976156
2022/9/19,4.39,4.44,4.35,4.4,7689271,33844768
2022/9/20,4.41,4.5,4.4,4.46,8040447,35853312
2022/9/21,4.43,4.54,4.38,4.52,7645355,34167128
2022/9/22,4.49,4.55,4.46,4.46,6921600,31132418
2022/9/23,4.49,4.49,4.31,4.36,9676356,42458408
2022/9/26,4.34,4.4,4.27,4.28,7786702,33713888
2022/9/27,4.3,4.42,4.3,4.41,8363223,36493636
2022/9/28,4.41,4.43,4.28,4.29,8236683,35707536
2022/9/29,4.32,4.35,4.18,4.22,8034774,34258228
2022/9/30,4.21,4.25,4.15,4.16,6258994,26250556
2022/10/10,4.15,4.19,4.04,4.07,7426650,30563244
2022/10/11,4.07,4.15,4.01,4.12,6614580,27045988
2022/10/12,4.12,4.32,4.11,4.31,12596711,52905244
2022/10/13,4.29,4.37,4.25,4.35,11532932,49894780
2022/10/14,4.37,4.44,4.36,4.41,11085346,48885792
2022/10/17,4.38,4.56,4.37,4.53,13847895,62180900
2022/10/18,4.53,4.55,4.47,4.49,12649548,56963396
2022/10/19,4.49,4.6,4.44,4.49,14149305,63926804
2022/10/20,4.45,4.53,4.39,4.48,9974380,44512292
2022/10/21,4.49,4.54,4.46,4.46,7963409,35799076
2022/10/24,4.48,4.59,4.44,4.51,16607216,75239984
2022/10/25,4.51,4.56,4.38,4.53,13372394,59976980
2022/10/26,4.42,4.5,4.38,4.46,22541190,100170104
2022/10/27,4.47,4.61,4.4,4.43,19006531,85858568
2022/10/28,4.6,4.69,4.23,4.27,25175889,112222968
2022/10/31,4.12,4.35,4.12,4.27,15161609,64559796
2022/11/1,4.29,4.44,4.28,4.44,14654432,64105072
2022/11/2,4.43,4.47,4.4,4.44,11442170,50809648
2022/11/3,4.4,4.46,4.37,4.43,9003900,39870992
2022/11/4,4.44,4.52,4.43,4.51,12568791,56389012
2022/11/7,4.51,4.55,4.47,4.49,11174925,50292012
2022/11/8,4.51,4.52,4.42,4.45,9284037,41334684
2022/11/9,4.45,4.48,4.42,4.43,8249432,36677776
2022/11/10,4.4,4.43,4.33,4.34,12894753,56323792
2022/11/11,4.42,4.47,4.36,4.36,13980064,61461180
2022/11/14,4.37,4.39,4.26,4.28,13213800,57033864
2022/11/15,4.28,4.37,4.23,4.37,10815151,46787792
2022/11/16,4.38,4.45,4.36,4.43,15403800,67946216
2022/11/17,4.44,4.44,4.32,4.37,11414537,49795292
2022/11/18,4.37,4.41,4.31,4.32,9681600,42213396
2022/11/21,4.3,4.34,4.27,4.34,7284694,31358756
2022/11/22,4.35,4.35,4.27,4.28,8647551,37213968
2022/11/23,4.31,4.31,4.21,4.25,7475883,31737458
2022/11/24,4.25,4.29,4.25,4.29,6171260,26345204
2022/11/25,4.29,4.29,4.18,4.2,11729770,49469512
2022/11/28,4.14,4.18,4.11,4.16,9697270,40241284
2022/11/29,4.18,4.24,4.17,4.23,7221359,30454032
2022/11/30,4.23,4.27,4.21,4.24,8602656,36535584
2022/12/1,4.27,4.3,4.25,4.27,6960111,29702558
2022/12/2,4.27,4.3,4.25,4.3,7568121,32419830
2022/12/5,4.32,4.32,4.28,4.31,9879529,42483936
2022/12/6,4.31,4.31,4.27,4.28,7964655,34157992
2022/12/7,4.3,4.31,4.27,4.3,6908120,29677846
2022/12/8,4.29,4.31,4.27,4.28,5808908,24894428
2022/12/9,4.27,4.3,4.25,4.27,6965911,29753398
2022/12/12,4.28,4.28,4.2,4.23,8041238,33980460
2022/12/13,4.23,4.24,4.17,4.17,7023476,29457636
2022/12/14,4.18,4.2,4.16,4.17,4646925,19421238
2022/12/15,4.18,4.23,4.15,4.23,5682507,23811122
2022/12/16,4.22,4.22,4.13,4.15,7512977,31257646
2022/12/19,4.15,4.17,4.02,4.04,10178092,41476440
2022/12/20,4.05,4.11,4.03,4.08,5070800,20673010
2022/12/21,4.1,4.1,4.03,4.05,4696100,19057672
2022/12/22,4.09,4.09,3.98,3.99,7098305,28551702
2022/12/23,3.99,4.02,3.92,3.95,6013220,23877066
2022/12/26,4.01,4.08,3.97,4.06,6635400,26836496
2022/12/27,4.07,4.09,4.05,4.07,4353590,17717776
2022/12/28,4.07,4.13,4.04,4.11,7229894,29527020
2022/12/29,4.11,4.11,4.05,4.05,5189520,21136162
2022/12/30,4.06,4.07,4.04,4.06,3768268,15280753
2023/1/3,4.04,4.12,4.04,4.11,7581999,30989104
2023/1/4,4.11,4.13,4.1,4.11,4548940,18713116
2023/1/5,4.14,4.15,4.11,4.14,4238640,17505610
2023/1/6,4.17,4.19,4.14,4.15,5292800,22037220
2023/1/9,4.26,4.3,4.2,4.23,11640444,49216608
2023/1/10,4.24,4.25,4.19,4.24,8494379,35810956
2023/1/11,4.25,4.26,4.18,4.18,5985960,25204096
2023/1/12,4.18,4.26,4.17,4.23,9728950,41118436
2023/1/13,4.29,4.3,4.23,4.25,7592992,32338750
2023/1/16,4.25,4.29,4.25,4.26,8038900,34334984
2023/1/17,4.27,4.28,4.23,4.25,4931060,20961676
2023/1/18,4.25,4.34,4.23,4.3,9646765,41403292
2023/1/19,4.31,4.38,4.3,4.37,10606680,46182096
2023/1/20,4.38,4.43,4.34,4.38,8737000,38238300
2023/1/30,4.45,4.45,4.4,4.41,11032511,48707508
2023/1/31,4.41,4.53,4.38,4.47,16700084,74556384
2023/2/1,4.48,4.56,4.47,4.55,16433259,74082448
2023/2/2,4.55,4.62,4.52,4.57,15258341,69879296
2023/2/3,4.6,4.6,4.49,4.54,15016996,68091496
2023/2/6,4.54,4.54,4.47,4.51,12605096,56825140
2023/2/7,4.52,4.59,4.51,4.58,13211545,60180112
2023/2/8,4.59,4.6,4.54,4.55,10626729,48481360
2023/2/9,4.55,4.62,4.53,4.62,13177102,60537096
2023/2/10,4.6,4.63,4.56,4.59,10279868,47260668
2023/2/13,4.62,4.65,4.59,4.63,12449205,57562372
2023/2/14,4.63,4.66,4.61,4.65,9574689,44364084
2023/2/15,4.65,4.75,4.64,4.7,15320543,71867400
2023/2/16,4.69,4.7,4.5,4.54,19888844,91663016
2023/2/17,4.57,4.61,4.51,4.53,16622441,75645344
2023/2/20,4.55,4.62,4.49,4.6,13868860,63539804
2023/2/21,4.62,4.63,4.57,4.62,9442259,43500972
2023/2/22,4.6,4.66,4.57,4.63,7494700,34697512
2023/2/23,4.64,4.73,4.59,4.67,20697771,96499008
2023/2/24,4.66,4.71,4.59,4.64,16510951,76719152
2023/2/27,4.64,4.65,4.55,4.56,10235983,47016364
2023/2/28,4.6,4.64,4.54,4.6,8853300,40607936
2023/3/1,4.61,4.62,4.58,4.61,9101803,41867596
2023/3/2,4.61,4.63,4.56,4.58,8065100,37089360
2023/3/3,4.56,4.6,4.54,4.59,7887572,36075512
2023/3/6,4.58,4.61,4.53,4.55,8601806,39202072
2023/3/7,4.54,4.55,4.43,4.44,11710879,52507280
2023/3/8,4.43,4.51,4.42,4.51,7951545,35623732
2023/3/9,4.5,4.52,4.46,4.49,5205245,23385748
2023/3/10,4.46,4.51,4.41,4.42,7110386,31617548
2023/3/13,4.42,4.42,4.34,4.4,7685406,33620228
2023/3/14,4.4,4.4,4.25,4.33,9434397,40767236
2023/3/15,4.33,4.44,4.33,4.41,6971240,30719120
2023/3/16,4.39,4.39,4.32,4.32,7022179,30526398
2023/3/17,4.34,4.4,4.33,4.37,6419090,28061648
2023/3/20,4.38,4.41,4.35,4.39,8471200,37154736
2023/3/21,4.39,4.45,4.35,4.44,7710812,34133448
2023/3/22,4.47,4.47,4.43,4.45,5915780,26280024
2023/3/23,4.46,4.47,4.42,4.46,7949220,35302280
2023/3/24,4.47,4.49,4.44,4.46,6516060,29096128
2023/3/27,4.47,4.55,4.45,4.53,12468571,56372888
2023/3/28,4.8,4.98,4.75,4.98,111895360,552706112
2023/3/29,5.01,5.11,4.92,4.92,134031055,670891456
2023/3/30,4.97,5.22,4.94,5.14,106009511,541749184
2023/3/31,5.09,5.11,4.88,4.95,68067580,337963072
2023/4/3,4.99,5.07,4.95,5.02,48668999,243531888
2023/4/4,5,5.15,4.95,5.06,50757213,256393616
2023/4/6,5.04,5.23,4.96,5.23,60194614,309024736
2023/4/7,5.3,5.55,5.19,5.33,71229144,383827104
2023/4/10,5.3,5.52,5.3,5.42,54010052,291831232
2023/4/11,5.42,5.5,5.3,5.39,47535435,256642864
2023/4/12,5.34,5.4,5.26,5.29,47174936,250620112
2023/4/13,5.35,5.4,5.18,5.19,57787063,303202880
2023/4/14,5.19,5.22,5.09,5.11,35994631,184618720
2023/4/17,5.16,5.21,5.09,5.15,26146337,134704848
2023/4/18,5.16,5.16,5.07,5.12,16466401,84129008
2023/4/19,5.11,5.16,5.07,5.08,21157148,108009184
2023/4/20,5.11,5.15,5.06,5.14,20780430,106326520
2023/4/21,5.14,5.21,5.05,5.07,31305620,160306240
2023/4/24,4.96,5.13,4.91,5.06,32846946,165965168
2023/4/25,5.09,5.09,4.87,4.95,32224784,159731184
2023/4/26,4.93,5.12,4.92,5.06,26875514,135957760
2023/4/27,5.02,5.1,4.98,5.06,17304755,87533656
2023/4/28,5.06,5.12,5.05,5.11,15380880,78273496
2023/5/4,5.14,5.27,5.1,5.24,32467560,168615600
2023/5/5,5.27,5.29,5.16,5.2,22129473,114916312
2023/5/8,5.29,5.33,5.2,5.22,20350040,106995184
2023/5/9,5.2,5.23,5.1,5.11,20060378,103537328
2023/5/10,5.1,5.27,5.06,5.21,16978112,87534632
2023/5/11,5.23,5.23,5.15,5.21,14301155,74241328
2023/5/12,5.24,5.25,5.13,5.13,13550993,70122352
2023/5/15,5.12,5.2,5.03,5.12,14195286,72298952
2023/5/16,5.19,5.2,5.05,5.06,12015784,61297084
2023/5/17,5.08,5.22,5.04,5.2,18447444,95208912
2023/5/18,5.2,5.39,5.18,5.35,30629795,162757936
2023/5/19,5.35,5.47,5.3,5.39,29792964,160991008
2023/5/22,5.34,5.38,5.22,5.24,23165148,122021872
2023/5/23,5.26,5.29,5.1,5.11,20160858,104160104
2023/5/24,5.1,5.25,5.08,5.16,14682645,75781944
2023/5/25,5.14,5.19,5.04,5.12,17311648,88359712
2023/5/26,5.11,5.17,5.06,5.14,11694200,59819496
2023/5/29,5.14,5.18,5.06,5.09,13986728,71561320
2023/5/30,5.09,5.11,4.98,5.08,15001187,75570136
2023/5/31,5.05,5.05,4.98,5.01,12213533,61172612
2023/6/1,5.03,5.25,4.96,5.15,27274920,140418384
2023/6/2,5.14,5.17,5.07,5.07,15779960,80674824
2023/6/5,5.07,5.12,5.04,5.07,11276481,57249580
2023/6/6,5.1,5.11,4.92,4.94,15463545,77314784
2023/6/7,4.96,4.98,4.84,4.87,16681146,81707664
2023/6/8,4.89,4.9,4.81,4.85,11913726,57849872
2023/6/9,4.85,4.89,4.8,4.86,10866086,52684704
2023/6/12,4.89,5.03,4.87,5,15734957,78016760
2023/6/13,5,5.23,4.97,5.14,27191728,139709392
2023/6/14,5.16,5.25,5.13,5.25,20908740,108882648
2023/6/15,5.25,5.29,5.2,5.26,17555261,92251736
2023/6/16,5.25,5.41,5.25,5.38,24144387,129615688
2023/6/19,5.37,5.53,5.37,5.5,30195767,165234784
2023/6/20,5.45,5.62,5.41,5.51,26182621,144693840
2023/6/21,5.53,5.61,5.48,5.54,30279239,168158304
2023/6/26,5.58,5.64,5.4,5.44,27446598,151199280
2023/6/27,5.49,5.63,5.41,5.6,25038681,139105744
2023/6/28,5.61,5.7,5.51,5.63,20421792,114024352
2023/6/29,5.62,5.86,5.6,5.75,26425862,152250976
2023/6/30,5.73,5.8,5.68,5.74,21427156,122993808
2023/7/3,5.77,5.85,5.67,5.68,19276100,110485840
2023/7/4,5.66,5.78,5.66,5.69,16612453,95065672
2023/7/5,5.73,5.79,5.66,5.73,19183379,110054968
2023/7/6,5.7,5.78,5.63,5.72,15592675,89197840
2023/7/7,5.7,5.75,5.64,5.66,14314203,81464896
2023/7/10,5.7,5.73,5.63,5.65,12948222,73479536
2023/7/11,5.69,5.78,5.66,5.77,15188779,87156952
2023/7/12,5.78,5.8,5.56,5.6,28096369,158877584
2023/7/13,5.69,5.73,5.47,5.58,27519072,153089536
2023/7/14,5.61,5.65,5.53,5.61,15594600,87340400
2023/7/17,5.59,5.59,5.48,5.57,12568860,69600936
2023/7/18,5.61,5.72,5.58,5.65,19719097,111625872
2023/7/19,5.65,5.7,5.58,5.64,13247180,74582512
2023/7/20,5.64,5.76,5.57,5.58,20759500,117531816
2023/7/21,5.56,5.57,5.46,5.48,14724660,81036936
2023/7/24,5.46,5.59,5.46,5.49,14245884,78721320
2023/7/25,5.51,5.58,5.48,5.56,13659217,75482016
2023/7/26,5.63,5.64,5.38,5.4,26990389,147099792
2023/7/27,5.45,5.52,5.34,5.37,16818440,91166408
2023/7/28,5.37,5.43,5.31,5.4,16765343,90190024
2023/7/31,5.42,5.53,5.39,5.47,15612120,85630168
2023/8/1,5.55,5.55,5.37,5.41,17322183,93888296
2023/8/2,5.4,5.52,5.38,5.48,15878378,86749776
2023/8/3,5.45,5.48,5.4,5.41,10990580,59690176
2023/8/4,5.43,5.51,5.41,5.48,15255540,83484872
2023/8/7,5.47,5.6,5.43,5.57,21743319,120166432
2023/8/8,5.55,5.58,5.4,5.42,23037256,125659168
2023/8/9,5.4,5.41,5.29,5.31,14480200,77288888
2023/8/10,5.3,5.39,5.3,5.36,11125984,59478648
2023/8/11,5.35,5.35,5.21,5.23,15600706,82024816
2023/8/14,5.21,5.35,5.17,5.33,15928120,83875192
2023/8/15,5.33,5.34,5.2,5.26,9813058,51680676
2023/8/16,5.26,5.26,5.17,5.17,10192420,53047228
2023/8/17,5.16,5.33,5.12,5.31,14112412,74121504
2023/8/18,5.29,5.37,5.2,5.21,9712643,51255188
2023/8/21,5.21,5.3,5.12,5.12,10817268,56166344
2023/8/22,5.17,5.19,5.07,5.15,10026400,51375792
2023/8/23,5.16,5.2,5.07,5.12,11183011,57494772
2023/8/24,5.12,5.17,5.05,5.07,11164484,56909308
2023/8/25,5.07,5.13,5,5.02,12262040,61961000
2023/8/28,5.28,5.32,5.04,5.06,20708531,107266776
2023/8/29,5.09,5.32,5.06,5.31,22225784,116531088
2023/8/30,5.32,5.43,5.31,5.37,19255273,103517336
2023/8/31,5.38,5.46,5.33,5.36,13384694,72023120
2023/9/1,5.34,5.38,5.28,5.33,10495110,55754148
2023/9/4,5.36,5.41,5.3,5.33,14444000,76977544
2023/9/5,5.34,5.35,5.26,5.3,10741320,56848408
2023/9/6,5.28,5.32,5.25,5.3,10291628,54401620
2023/9/7,5.29,5.31,5.15,5.16,15143100,78979808
2023/9/8,5.13,5.22,5.13,5.16,14139000,73080216
2023/9/11,5.15,5.28,5.1,5.24,15389456,80195520
2023/9/12,5.25,5.29,5.23,5.26,9038866,47514500
2023/9/13,5.25,5.26,5.13,5.16,13805283,71522312
2023/9/14,5.18,5.18,5.05,5.09,12729180,64833528
2023/9/15,5.1,5.12,5.04,5.05,10729460,54369568
2023/9/18,5.06,5.2,5.01,5.14,14868498,76268480
2023/9/19,5.13,5.14,5.02,5.03,13636640,68927904
2023/9/20,5.06,5.06,4.97,4.98,12037016,60217152
2023/9/21,5,5.01,4.93,4.94,12636855,62720420
2023/9/22,4.95,5.07,4.92,5.06,11736205,58807092
2023/9/25,5.07,5.12,5.01,5.02,10823300,54655040
2023/9/26,5.08,5.11,5,5.08,12155308,61536052
2023/9/27,5.07,5.1,5.02,5.03,11304639,57214036
2023/9/28,5.05,5.11,5.03,5.09,13876909,70494264
2023/10/9,5.1,5.15,5.06,5.09,13825100,70539512
2023/10/10,5.08,5.1,4.97,4.98,15788900,79124336
2023/10/11,4.99,5.01,4.9,4.92,15285272,75475448
2023/10/12,4.94,4.97,4.9,4.96,11074573,54730280
2023/10/13,4.93,4.98,4.88,4.9,13774118,67800792
2023/10/16,4.87,4.96,4.78,4.8,22514584,109269560
2023/10/17,4.8,4.83,4.74,4.78,15945998,76222488
2023/10/18,4.78,4.79,4.7,4.7,13804979,65246608
2023/10/19,4.7,4.72,4.62,4.62,15457532,72139584
2023/10/20,4.63,4.7,4.59,4.6,17631790,81735864
2023/10/23,4.62,4.63,4.45,4.49,16928643,76603176
2023/10/24,4.54,4.58,4.49,4.52,22852116,103746176
2023/10/25,4.57,4.66,4.51,4.52,23635703,108089736
2023/10/26,4.49,4.6,4.39,4.6,25637153,115612008
2023/10/27,4.56,4.61,4.5,4.59,22160928,100942288
2023/10/30,4.56,4.66,4.54,4.64,20030558,92296632
2023/10/31,4.68,4.68,4.56,4.61,17897200,82412336
2023/11/1,4.62,4.69,4.59,4.65,16034260,74597392
2023/11/2,4.66,4.68,4.6,4.61,14133150,65653436
2023/11/3,4.67,4.76,4.6,4.74,21850050,102826688
2023/11/6,4.75,4.87,4.74,4.86,24437135,117992528
2023/11/7,4.84,4.87,4.82,4.85,18071393,87668576
2023/11/8,4.85,4.87,4.81,4.86,15621154,75583888
2023/11/9,4.87,4.87,4.79,4.82,17871500,86256472
2023/11/10,4.8,4.89,4.78,4.87,20713250,100595496
2023/11/13,4.89,4.92,4.85,4.89,14187832,69420040
2023/11/14,4.87,4.91,4.86,4.87,11402351,55663144
2023/11/15,4.89,4.93,4.85,4.88,13440300,65670932
2023/11/16,4.88,4.92,4.86,4.86,11874660,58060464
2023/11/17,4.84,4.94,4.83,4.94,14255900,69882240
2023/11/20,4.95,5.13,4.93,5.09,26554060,134131824
2023/11/21,5.08,5.12,5.03,5.05,18765480,94921096
2023/11/22,5.03,5.06,4.98,4.98,14472060,72503424
2023/11/23,4.98,5.04,4.95,5.03,12633560,63121440
2023/11/24,5.02,5.03,4.94,4.97,12077569,60023920
2023/11/27,4.96,4.99,4.93,4.98,10246029,50841496
2023/11/28,4.98,5.07,4.96,5.06,13895761,69974464
2023/11/29,5.07,5.09,4.99,5.02,10228221,51621436
2023/11/30,5.01,5.05,4.92,4.98,14041742,69847752
2023/12/1,4.97,5.03,4.94,5,12088800,60183724
2023/12/4,5.03,5.03,4.98,5,11895540,59494912
2023/12/5,4.99,5,4.9,4.9,9522143,47085636
2023/12/6,4.91,4.97,4.87,4.92,11989140,59057928
2023/12/7,4.93,4.93,4.86,4.89,11832616,57844076
2023/12/8,4.89,4.92,4.84,4.84,16301515,79575880
2023/12/11,4.84,4.93,4.78,4.92,15144447,73884656
2023/12/12,4.91,4.94,4.86,4.9,12290656,60210024
2023/12/13,4.9,4.99,4.83,4.9,14463085,70972752
2023/12/14,4.9,5.39,4.89,5.25,95719195,501991744
2023/12/15,5.15,5.17,5,5.01,92538803,468103424
2023/12/18,5,5.04,4.89,4.92,46101267,227587328
2023/12/19,4.89,4.91,4.79,4.85,32456317,157254768
2023/12/20,4.85,4.93,4.77,4.77,27596899,133793344
2023/12/21,4.71,4.86,4.68,4.86,26962820,129253368
2023/12/22,4.87,4.89,4.77,4.78,20140787,97399832
2023/12/25,4.78,4.81,4.71,4.77,13913443,66027388
2023/12/26,4.75,4.76,4.63,4.66,16807231,78636536
2023/12/27,4.66,4.74,4.6,4.71,11865884,55467728
2023/12/28,4.73,4.85,4.68,4.83,15820267,75969000
2023/12/29,4.83,4.98,4.8,4.96,23189626,114454152
2024/1/2,4.99,5.05,4.96,5.02,22631982,113710784
2024/1/3,5.01,5.02,4.93,4.97,19102061,94886256
2024/1/4,4.97,4.98,4.93,4.97,11428548,56634448
2024/1/5,4.99,5.04,4.86,4.88,14398361,71279792
2024/1/8,4.85,4.88,4.77,4.78,12109400,58338932
2024/1/9,4.79,5.26,4.77,5.26,47634708,241362672
2024/1/10,5.79,5.79,5.14,5.14,175401404,955617536
2024/1/11,5,5.44,5,5.32,130413299,685073664
2024/1/12,5.3,5.36,5.15,5.17,78968651,413124224
2024/1/15,5.16,5.3,5.14,5.25,55749301,291560800
2024/1/16,5.23,5.33,5.16,5.27,44932818,235384240
2024/1/17,5.23,5.27,5.13,5.14,29987520,155505856
2024/1/18,5.11,5.11,4.84,5.02,55504838,275286112
2024/1/19,5.01,5.28,4.94,5.21,57050211,292837760
2024/1/22,5.14,5.22,4.9,4.94,46893289,237648512
2024/1/23,4.86,5.06,4.85,4.95,43730640,216168272
2024/1/24,4.97,5.05,4.66,4.9,60647159,293423232
2024/1/25,4.87,5.08,4.72,5.06,55957838,275896128
2024/1/26,5.01,5.1,4.94,4.95,37082302,185333808
2024/1/29,4.95,4.96,4.59,4.6,49753353,235937120
2024/1/30,4.53,4.65,4.4,4.48,29507131,133770680
2024/1/31,4.47,4.5,4.14,4.16,41369364,177370112
2024/2/1,4.14,4.25,4.06,4.1,30038113,124431384
2024/2/2,4.11,4.23,3.84,3.99,31714524,128615528
2024/2/5,3.96,3.98,3.62,3.72,46093052,173007120
2024/2/6,3.62,4.09,3.59,4.04,46894103,181847248
2024/2/7,4.02,4.14,3.86,3.96,38541345,154578560
2024/2/8,3.99,4.27,3.98,4.22,41998755,173321232
2024/2/19,4.33,4.39,4.22,4.3,30790720,132493584
2024/2/20,4.3,4.34,4.2,4.31,17828852,76283840
2024/2/21,4.28,4.42,4.24,4.3,29260415,127245192
2024/2/22,4.29,4.73,4.25,4.51,49975702,221871424
2024/2/23,4.8,4.96,4.65,4.96,60588670,296400288
2024/2/26,5.46,5.46,5.46,5.46,8014490,43759116
2024/2/27,6.01,6.01,6.01,6.01,7335420,44085876
2024/2/28,6.61,6.61,6.61,6.61,15183671,100364064
2024/2/29,7.15,7.27,6.9,7.27,247129089,1767740288
2024/3/1,8,8,8,8,11936859,95494872
2024/3/4,8.8,8.8,7.2,7.22,425886850,3266383616
2024/3/5,6.71,7.94,6.71,7.94,406298141,3051846912
2024/3/6,7.92,8.73,7.83,8.22,399946058,3364224256
2024/3/7,8.4,9.04,8.4,9.04,313274232,2794211584
2024/3/8,9.04,9.04,8.14,8.58,357655289,3001240576
2024/3/11,8.47,8.62,8.18,8.28,232248854,1936898688
2024/3/12,8.25,8.8,8.21,8.34,265032570,2251401472
2024/3/13,8.25,8.59,8.1,8.37,228077298,1900335744
2024/3/14,8.17,8.17,7.53,7.59,242788281,1874884224
2024/3/15,7.49,7.74,7.49,7.64,135222713,1029117120
2024/3/18,7.8,8.4,7.8,8.4,234844411,1920265728
2024/3/19,8.8,8.95,8.55,8.65,291311002,2539544064
2024/3/20,8.65,8.79,8.45,8.61,174143393,1494772096
2024/3/21,8.59,9.28,8.56,8.74,248738927,2226131968
2024/3/22,8.4,8.66,8.15,8.29,188193295,1571370496
2024/3/25,8.2,8.28,7.8,7.83,117987957,949725056
2024/3/26,7.8,7.85,7.45,7.58,94134941,716232064
2024/3/27,7.59,7.66,7.2,7.24,78882726,582978176
2024/3/28,7.24,7.58,7.17,7.47,97283148,724095872
2024/3/29,7.46,7.49,7.18,7.27,83126167,604845504
2024/4/1,7.25,7.33,7.21,7.3,70266810,510435552
2024/4/2,7.25,7.29,6.97,7.03,83231704,588157632
2024/4/3,6.97,7.01,6.75,6.81,62355996,426430016
2024/4/8,6.77,6.83,6.58,6.6,55425534,370604032
2024/4/9,6.61,6.72,6.54,6.71,54099791,359528800
2024/4/10,6.7,6.77,6.46,6.54,59186712,390327136
2024/4/11,6.46,6.77,6.42,6.65,70404796,469032896
2024/4/12,6.69,6.74,6.55,6.59,48671543,324130176
2024/4/15,6.52,6.6,6.17,6.28,69850022,443171296
2024/4/16,6.33,6.41,5.86,5.86,66319926,401807168
2024/4/17,5.94,6.32,5.94,6.3,68295580,424477824
2024/4/18,6.23,6.39,6.14,6.26,62252246,389250592
2024/4/19,6.21,6.3,6.14,6.21,37105566,230531216
2024/4/22,6.16,6.2,6.01,6.14,32808266,200912832
2024/4/23,6.3,6.49,6.14,6.39,107322298,679801472
2024/4/24,6.35,6.44,6.24,6.41,89273531,568544192
2024/4/25,6.38,6.48,6.3,6.35,66296046,422554816
2024/4/26,6.18,6.46,6.15,6.41,83732812,532194336
2024/4/29,6.48,6.66,6.48,6.59,89974939,591911104
2024/4/30,6.61,6.61,6.29,6.36,75322790,481654464
2024/5/6,6.44,6.58,6.42,6.55,69534604,453038400
2024/5/7,6.54,6.85,6.46,6.83,151768276,1019259520
2024/5/8,6.9,7.5,6.73,7.18,208655060,1481551488
2024/5/9,6.98,7.11,6.9,7.09,107693893,755369984
2024/5/10,7.05,7.06,6.74,6.86,95077105,653457024
2024/5/13,6.7,6.7,6.18,6.28,118307438,751095424
2024/5/14,6.19,6.37,6.09,6.21,60525252,375035904
2024/5/15,6.23,6.24,6.07,6.08,46846440,286855904
2024/5/16,6.09,6.15,6.07,6.08,39036045,238275104
2024/5/17,6.09,6.11,5.98,6.08,37636695,227399872
2024/5/20,6.08,6.13,6.03,6.09,33739884,205209536
2024/5/21,6.09,6.28,6,6.28,72657744,447831136
2024/5/22,6.29,6.33,6.15,6.18,43220342,267783728
2024/5/23,6.18,6.27,6.05,6.06,43006388,264684736
2024/5/24,6.02,6.06,5.8,5.81,52884721,311297920
2024/5/27,5.79,5.94,5.7,5.93,36640378,212044352
2024/5/28,5.88,5.88,5.73,5.74,27503884,159296304
2024/5/29,5.75,5.8,5.66,5.72,24486499,140155312
2024/5/30,5.7,6.24,5.69,6.07,93691436,561103616
2024/5/31,5.95,5.99,5.86,5.95,52994649,314236256
2024/6/3,5.95,5.99,5.74,5.78,41315715,240917648
2024/6/4,5.8,5.88,5.58,5.68,40287100,229297248
2024/6/5,5.62,5.73,5.56,5.62,29300207,165008160
2024/6/6,5.6,5.67,5.38,5.41,46310260,252932576
2024/6/7,5.46,5.52,5.37,5.46,27424709,149595504
2024/6/11,5.46,5.47,5.33,5.45,19707900,106575800
2024/6/12,5.45,5.6,5.42,5.6,33014034,183424560
2024/6/13,5.58,5.6,5.46,5.47,26990014,148877488
2024/6/14,5.46,5.49,5.41,5.47,20259960,110306768
2024/6/17,5.44,5.52,5.42,5.46,17704000,96726416
2024/6/18,5.46,5.69,5.43,5.64,44142000,247545216
2024/6/19,5.65,5.68,5.53,5.54,26054556,145427024
2024/6/20,5.51,5.52,5.32,5.33,27929240,150646400
2024/6/21,5.33,5.37,5.26,5.27,17123800,90727744
2024/6/24,5.22,5.23,5.08,5.09,26197513,134850832
2024/6/25,5.08,5.24,5.08,5.16,26495485,136806320
2024/6/26,5.12,5.3,5.08,5.29,27639260,144068320
2024/6/27,5.29,5.41,5.18,5.2,34106100,181286272
2024/6/28,5.19,5.33,5.16,5.25,28099945,148000272
2024/7/1,5.23,5.3,5.16,5.29,19980800,104665528
2024/7/2,5.29,5.34,5.27,5.29,17298800,91678336
2024/7/3,5.27,5.3,5.2,5.2,15217100,79662040
2024/7/4,5.21,5.29,5.08,5.1,18251280,94197312
2024/7/5,5.1,5.17,5.01,5.15,16584380,84682632
2024/7/8,5.12,5.12,4.96,4.99,19806100,99458688
2024/7/9,4.99,5.1,4.92,5.09,21923187,110129512
2024/7/10,5.1,5.14,5.02,5.04,16224300,82432520
2024/7/11,5.15,5.22,5.12,5.21,27449453,142097296
2024/7/12,5.2,5.22,5.11,5.17,16716149,86180280
2024/7/15,5.13,5.15,5.05,5.07,15667800,79784248
2024/7/16,5.05,5.08,5,5.07,14860281,74877160
2024/7/17,5.06,5.07,4.97,4.98,17293520,86467288
2024/7/18,4.95,5,4.84,4.96,19697825,96801152
2024/7/19,4.93,5.03,4.91,5,17372200,86770264
2024/7/22,5.02,5.5,4.96,5.5,99162678,535674496
2024/7/23,5.81,6.05,5.8,6.05,64113276,383167200
2024/7/24,5.9,6.4,5.52,6.14,226566656,1327370880
2024/7/25,5.73,6.02,5.65,5.81,138594008,808116544
2024/7/26,5.96,6.26,5.8,6.05,169368532,1018781888
2024/7/29,6.02,6.45,6.01,6.33,173936289,1086043520
2024/7/30,6.31,6.33,5.94,6.03,137730291,835563904
2024/7/31,5.95,6.63,5.9,6.63,168365377,1069815488
2024/8/1,6.96,7.26,6.7,6.83,251843167,1744508032
2024/8/2,6.53,6.65,6.2,6.27,165871347,1065838080
2024/8/5,6.11,6.18,5.8,5.8,119413328,714138560
2024/8/6,5.89,6.05,5.76,5.99,92376522,547357632
2024/8/7,5.93,6.05,5.87,5.88,66820256,396659968
2024/8/8,5.8,5.82,5.61,5.68,70747900,402674400
2024/8/9,5.72,5.75,5.61,5.61,39214760,222392400
2024/8/12,5.55,5.62,5.46,5.54,35900420,198677056
2024/8/13,5.54,5.65,5.54,5.65,35698386,199924800
2024/8/14,5.65,5.72,5.57,5.65,39246427,222011120
2024/8/15,5.62,5.78,5.56,5.72,46237316,263295776
2024/8/16,5.72,5.78,5.58,5.59,48921628,277529664
2024/8/19,5.56,5.64,5.52,5.53,34326289,190897120
2024/8/20,5.58,5.96,5.55,5.82,105023478,603362240
2024/8/21,5.71,5.76,5.56,5.62,71222827,401977888
2024/8/22,5.57,5.6,5.33,5.33,70225593,381206112
2024/8/23,5.34,5.38,5.25,5.28,36271620,192549088
2024/8/26,5.3,5.35,5.27,5.3,24132016,128155344
2024/8/27,5.3,5.31,5.15,5.19,28269110,147449808
2024/8/28,5.15,5.28,5.14,5.22,22963075,119686600
2024/8/29,5.18,5.38,5.15,5.35,34120891,181030896
2024/8/30,5.35,5.54,5.32,5.45,39028840,213219168
2024/9/2,5.41,5.47,5.32,5.33,27759160,149632032
2024/9/3,5.33,5.52,5.3,5.39,32868300,178085920
2024/9/4,5.33,5.4,5.28,5.3,27241847,145245600
2024/9/5,5.3,5.39,5.29,5.34,19240400,102646680
2024/9/6,5.33,5.35,5.19,5.22,20676447,109002088
2024/9/9,5.18,5.29,5.14,5.22,18451158,96215952
2024/9/10,5.22,5.27,5.12,5.25,19538320,101338832
2024/9/11,5.21,5.25,5.18,5.22,12351740,64354760
2024/9/12,5.23,5.33,5.23,5.25,20570320,108757064
2024/9/13,5.23,5.25,5.12,5.12,19959500,103169944
2024/9/18,5.11,5.13,5.02,5.09,16303180,82624688
2024/9/19,5.11,5.23,5.08,5.21,22712700,117601776
2024/9/20,5.23,5.24,5.13,5.16,17019047,87981824
2024/9/23,5.12,5.23,5.12,5.2,17799880,92411040
2024/9/24,5.22,5.39,5.16,5.37,37505438,198463568
2024/9/25,5.41,5.55,5.39,5.41,48590360,265865744
2024/9/26,5.39,5.6,5.38,5.6,50667263,279325408
2024/9/27,5.7,5.92,5.63,5.84,68113743,392676256
2024/9/30,5.95,6.37,5.86,6.33,133641538,820513536
